name,address,rate,location,cost,Ambience,Parking,Suggested Food
Jalsa,"942, 21st Main Road, 2nd Stage, Banashankari, Bangalore",4.1,Banashankari,800.0,excellent,No,"masala papad,panner,baby corn starters,lemon and coriander soup,butter roti,olive and chilli paratha,Pumpkin Halwa,kulchas,Cheese chilli paratha,Bhutta palak methi curry,Lemon Chicken,Egg fried rice,""Alice in Junoon"",soya chaap"
Spice Elephant,"2nd Floor, 80 Feet Road, Near Big Bazaar, 6th Block, Kathriguppe, 3rd Stage, Banashankari, Bangalore",4.1,Banashankari,800.0,family-friendly,No,"Chicken biriyani,Mutton biriyani,Thom yum Thai soup,panner curry,paneer uttar dakshin,paneer kurchan,Gobi hara pyaz,mix veg,Lassi,Spice elephant soup,Lasooni fish tikka"
San Churro Cafe,"1112, Next to KIMS Medical College, 17th Cross, 2nd Stage, Banashankari, Bangalore",3.8,Banashankari,800.0,bad,,"Desserts,Nutella churros,Thai green curry,Churros,Pizza,Hot chocolate,Nachos,Pink pasta,Caramel pudding"
Addhuri Udupi Bhojana,"1st Floor, Annakuteera, 3rd Stage, Banashankari, Bangalore",3.7,Banashankari,300.0,average,No,"masala dosa,holige,pineapple pickle,Payasam,Kosambari,appekai saru,masala dosa,pulka,pulav,veg rice bath,kai holige,mango soup"
Grand Village,"10, 3rd Floor, Lakshmi Associates, Gandhi Bazaar Main Road, Above Reliance Trends, Basavanagudi, Bangalore",3.8,Basavanagudi,600.0,family-friendly,,"Jaljeera,buttermilk,chat papdi,bhajiya,dosa,pav bhaji,noodles,curries,kulcha,roti,Jalebies,gulab jamuns"
Timepass Dinner,"37, 5-1, 4th Floor, Bosco Court, Gandhi Bazaar Main Road, Basavanagudi, Bangalore",3.8,Basavanagudi,600.0,family-friendly,,"soups,babycorn starters,butter naan,kadai panner,veg kohlapuri,pease pulav"
Rosewood International Hotel - Bar  Restaurant,"19/1, New Timberyard Layout, Beside Satellite Bus Stop, Mysore Road, Bangalore",3.6,Mysore Road,800.0,family-friendly,,"Honey Lemon Chicken,Chicken Manchow Soup,Chicken grill"
Onesta,"2469, 3rd Floor, 24th Cross, Opposite BDA Complex, 2nd Stage, Banashankari, Bangalore",4.6,Banashankari,600.0,excellent,,"starters,pizzas,pasta,tiramisu shots,mozzarella cheese balls,chat pizza,herbed wedges,bacon pizza,walnut tart,peanut-butter mousse,Assorted Bruschetta,Mexican Veg Delight pizza,Farmhouse Special pizza,Virgin Mojitos,Kiwi & Basil Fizz,Caramel Walnut Tart,Chilli chocolate tart,Baked Cherry Cheesecake,Penne Al Pesto"
Penthouse Cafe,"1, 30th Main Road, 3rd Stage, Banashankari, Bangalore",4.0,Banashankari,700.0,friends-hangout,,"Veg Steak,pasta,pizza,sizzler,BBQ chicken wings,Nachos Cheese Salsa,BBQ Chicken Grilled Burger,Jalapeno Cottage Cheese Burger,fruit beer,Cheese balls,Pink pasta,Garlic bread,French fries,Nachos Pizza"
Smacznego,"2470, 21 Main Road, 25th Cross, Banashankari, Bangalore",4.2,Banashankari,550.0,friends-hangout,,"cheesy fries,Delicious pasta,loaded fries,white sauce pasta,cheesy loaded nachos,waffles,bubble tea,saucy fries,mixed cream pasta,green fries,spicy fries"
Caf Down The Alley,"12,29 Near PES University Back Gate, D'Souza Nagar, Hosakerehalli, 3rd Stage, Banashankari, Bangalore",4.1,Banashankari,500.0,friends-hangout,,"waffles,Mango Smoothies,Almond Smoothies,Potato Wedges,Pesto Veg Pasta,Alfredo Veg Pasta,Chilly Baby Corn,French Fries,Black currant,Lychee Smoothies,Chilli cheese Maggi,blue lagoon,sandwiches,nuggets"
Cafe Shuffle,"941, 3rd FLOOR, 21st Main, 22nd Cross, Banashankari 2nd stage, Opposite to BDA complex, Banashankari",4.2,Banashankari,600.0,friends-hangout,,"BBQ chicken wings,chef's special pizza,Jalapeo cheese balls,Veg Lasagne,chicken tikka pizza,fish fingers,mushroom Manchurian,milkshakes,snicker milkshake"
The Coffee Shack,"6th Block, 3rd Stage, Banashankari, Bangalore",4.2,Banashankari,500.0,friends-hangout,,"pancakes with chocolate syrup and ice cream,Nachos,Masala Maggie,scrambled eggs,pasta,chicken barbecue,nachos,chicken and spaghetti,choco fantasy brownie,Jalapeo cheese balls,Veg Alfredo Pasta,Virgin Mojito,Smokey Chicken Burger,veg paneer pizza,twistato,virgin mojito,savoury crepes,Caramel latte,naughty choco jar,nutella banana shake,corn cheese balls,garlic bread,green apple juice,spinach corn savory crepes,french ratatouille,cheesy fries,Aribiatta pasta,sandwich"
Caf-Eleven,"111, Sapphire Toys Building, 100 Feet Ring Road, Banashankari, Bangalore",4.0,Banashankari,450.0,friends-hangout,,"lemon chicken,dragon chicken,jalapeno poppers,BBQ veg pizza,Arrabiata pasta,jalapeno cheese balls,Oreo milkshake,cheese toasts,babycorn pepper dry,cafe frappe,mushroom pepper"
San Churro Cafe,"1112, Next to KIMS Medical College, 17th Cross, 2nd Stage, Banashankari, Bangalore",3.8,Banashankari,800.0,bad,No,"Thai green curry,pizza,lasagne,Nutella churros,cheesecake,Churros,Hot Chocolate,Nachos,pink pasta,Cross Country Ranch pizza,pasta,caramel pudding"
Cafe Vivacity,"2303, 21st Cross, K R Road, 2nd Stage, Banashankari, Bangalore",3.8,Banashankari,650.0,excellent,Yes,"filter coffee,french fries,brownie with ice cream,Potato Wedges,Corn n Cheese Garlic Bread,KitKat Milkshake,Belgian Waffle with Icecream,Red Velvet Cupcake"
Catch-up-ino,"241, 4th Floor, 100 Feet Ring Road, Opposite Kamakya Theatre, Banashankari, Bangalore",3.9,Banashankari,800.0,bad,,"hookah,masala french fries"
Kirthi's Biryani,"405, 24th Cross, 9th Main, 2nd Stage, Banashankari, Bangalore",3.8,Banashankari,700.0,,,pizza
T3H Cafe,"504, CJ Venkata Das Road, Padmanabhangar, 2nd Stage, Banashankari, Bangalore",3.9,Banashankari,300.0,friends-hangout,,"coffee,cheese Maggie,masala fries"
360 Atoms Restaurant And Cafe,"47, 48 &49, 3Rd Floor, 21st Main Road, 2nd Stage, Banashankari, Bangalore",3.1,Banashankari,400.0,friends-hangout,,"white sauce pasta,pizza,garlic bread stick,momos"
The Vintage Cafe,"146, 50 ft Road, 3rd Phase, 3rd Stage, Near Katriguppe Water Tank Circle, Banashankari, Bangalore",3.0,Banashankari,400.0,bad,,"Chikmagalur Filter Coffee,Strawberry Milk Shake,Iced Tea,veg cheese corn sandwich,paneer burger,pizza"
Woodee Pizza,"3353, 2nd Cross, Opposite Auden School, Hoskerehalli Cross, 3rd Stage, Banashankari, Bangalore",3.7,Banashankari,500.0,,,"Hot Golden Cake Pizza,Jalapeo Garlic Bread"
Cafe Coffee Day,"SRF Complex, Near BDA Complex, Kathreguppe Main Road, Banashankari, Bangalore",3.6,Banashankari,900.0,friends-hangout,,"garlic bread,toastizza,Cool Blue beverage,sizzle dazzle brownie,burger,Frosteas,Pomegranate Frostea,Lemon Frostea,Tex Mex Sandwich,Hot cappuccino,Chilli cheese sandwich,mango shot,banana chips,Veg wraps"
My Tea House,"224/Y, 4th Phase, 7th Block, 100 Feet Ring Road, Near Kamakya Theatre, Banashankari, Bangalore",3.6,Banashankari,600.0,friends-hangout,,"tea,saffron tea,cranberry tea"
Hide Out Cafe,"775/1, Opposite Gupta Collage, 7th Block, 3rd Stage, Banashankari, Bangalore",3.7,Banashankari,300.0,friends-hangout,Yes,"chicken,eggfried rice,fries,hookah,Cheese potato kurkure,Chicken nachoes"
CAFE NOVA,"101, Water Tank Road, 2nd Block, 3rd Stage, Banashankari, Bangalore",3.2,Banashankari,600.0,bad,,"pasta,banana coffee,hot chocolate with mint,sausage,nuts sundae,Hazelnut Cappuccino,Irish toppings"
Coffee Tindi,"27th Cross Rd, Banashankari Stage II, Banashankari, Bangalore",3.8,Banashankari,200.0,,,"idlis,Kesari bath,set dosa,south meals,dosa,idli,vada,sambar,Sagu,panner in green pepper sauce,baby corn lollipop"
Sea Green Cafe,"1036, Srinidhi Plaza, 3rd floor, Above Nilgiris, Stage 2, Banashankari, Bangalore",3.3,Banashankari,500.0,excellent,,"Chicken Pakoda,Crispy Fried Chicken"
Cuppa,"940, Shantha Complex, 20th Main, 2nd Stage, Banashankari, Bangalore",3.3,Banashankari,550.0,bad,Yes,"coffee,corn spinach sandwich,mango smoothie,Nachos,Greenwave Sandwich,Paneer Sandwich,basket of fries,Chicken Tikka sandwich,potato wedges,Lasagna,cold coffee,espresso"
Srinathji's Cafe,"112, Bull Temple Road,next to more Basavanagudi, Bangalore",3.8,Basavanagudi,550.0,,Yes,"paneer,pastries"
Redberrys,"30, Surveyor Street, DVG Road, Basavanagudi, Bangalore",4.0,Basavanagudi,600.0,friends-hangout,,"pizzas,gelatos,Bramhins coffee,Belgian Chocolate,Oreo Blast,French Vanilla,Bubble gum,paneer and bell pepper pizza,Joe's burger,Alfredo penne pasta,farmhouse pizza,chocolate cake with Snickers ice cream"
Foodiction,"2/1, 7th Main, Dwarakangar, Hosakeregalli, Banashankari, Bangalore",2.8,Banashankari,500.0,bad,,
Sweet Truth,"101 Ground Floor, Manjunatha Complex, 22nd Main Road, Banashankari, Bangalore",3.9,Banashankari,500.0,,,cheesecake
Ovenstory Pizza,"101, Ground Floor, Manjunatha Complex, 22nd Main Road, 2nd Stage, Banashankari, Bangalore",3.9,Banashankari,750.0,friends-hangout,,"corn veggie delight pizza,chicken overloaded pizza,garlic bread,Chicken garlic bread,Middle Eastern Supreme Pizza,Garlic Bread with Mac and Cheese,paneer picante pizza,choco lava cake,brownie"
Faasos,"80, BDA Complex, 2nd Stage, Banashankari, Bangalore",4.2,Banashankari,500.0,bad,,"Navratri special thali,kuttu aloo parantha,sweet n sour Petha sabzi,paneer sabzi,raita,kheer,Jumbo Chicken Wrap,Cheese Melt Chicken Wrap,kulchas,chhole,butter chicken,biryani,sabudana khichdi,rolls,paneer makhanwala royal navratra meal,hare tamatar ki thali,sabudana vada,Aloo Paratha"
Behrouz Biryani,"101, Ground Floor, Manjunatha Complex, 22nd Main Road, 2nd Stage, Banashankari, Bangalore",3.9,Banashankari,650.0,,,"Zaikedaar paneer biryani,mutton biryani,bhuna murgh biryani,shahi biryani,shahi kebabs,curd,Gulabjamun,chicken biryani,murgh Kefta,murg makhani biryani"
Fast And Fresh,"32, 7th Main Road, Dwaraka Nagar,Near PES College, Banashankari, Bangalore",2.8,Banashankari,400.0,,,"lassi,curd,Dal methi,dal fry,tandoori roti,Chicken Chettinad Curry"
Szechuan Dragon,"8, 2nd Floor, 1st Main, Arush Trapeze, Mount Joy Road, Behind BMS College of Engineering, Hanumanthnagar, Banashankari, Bangalore",4.2,Banashankari,600.0,friends-hangout,,"leefu chicken,chilli garlic noodles,chicken lollipop,Manchow soup,shredded chicken,mixed Fu Yong,Singapore noodles,roast chilli chicken,lollipop,hunan prawns,Dimsum chicken,Veg wonton soup,Leefy baby corn,Dragon chicken,Butter garlic rice,Pulpy grape juice,general Tsos mushrooms,Kung pao babycorn,honey chilli potatoes,leefu fried rice,schezwan fried rice,veg ball manchurian sauce,Dragon chicken,Thai fried rice"
Empire Restaurant,"4, Opposite NMKRV College, 21st C Cross Road, 3rd Block, Jayanagar, Bangalore",4.4,Jayanagar,750.0,friends-hangout,Yes,"Shawarma,Butter chicken gravy,Kerela parota,Egg dosa,Ghee rice,Dal,Roomali roti,Empire special chicken kabab,Grilled chicken,Big Veg thali,Paneer chilly,Paneer butter masala,Al faham,Dosa,Mutton curry,Chili chicken,Tandoori chicken,Pulpy grape juice,Chicken biryani,Shaadi ka biryani (mutton),Chicken lollipop,Tandoori roti,Chocolate pan,Rose pan,Malai pan"
Maruthi Davangere Benne Dosa,"556/A, Water Tank Road, 3rd Stage, Banashankari, Bangalore",4.0,Banashankari,150.0,,,"benne dosas,benne masala dosa,benne kaali,tea"
Chaatimes,"39, 3rd Main,4th Cross, Hanumanth Nagar, Near, Basavanagudi, Bangalore",3.8,Basavanagudi,200.0,excellent,,"dabeli,chats,basket chaat,tokri chaat"
Havyaka Mess,"Opp Vinayaka hospital, Near Seetha Circle , 80 Feet Road, Banashankari, Bangalore",3.9,Banashankari,300.0,bad,Yes,"Rice,sambhar,rasam,papad"
McDonald's,"2466, Bhaskar Grand Tower, 24th Cross, Opposite BDA Complex, Banashankari, Bangalore",3.9,Banashankari,500.0,friends-hangout,,"burger,coke,fries,coffee,ice cream"
Domino's Pizza,"645, 1st Floor, 24th Cross, 24th Main, 2nd Stage, Banashankari, Bangalore",3.9,Banashankari,800.0,family-friendly,,"veg loaded,zingy parcel,single topping pizza,Panner onion,capsicum,white sauce pasta,garlic bread,cheese burst pizza,chocolate lava cake"
Onesta,"2469, 3rd Floor, 24th Cross, Opposite BDA Complex, 2nd Stage, Banashankari, Bangalore",4.6,Banashankari,600.0,excellent,,"pizzas,starters,pasta,tiramisu shots,mozzarella cheese balls,bacon pizza,chat pizza,herbed wedges,cheese balls,fish fingers"
Hotboxit,"2nd Stage, Banashankari, Bangalore",3.8,Banashankari,400.0,,,"chicken biryani,chilli chicken,Gulab jamun,chicken kebab,pepper chicken,panner chilli,Oreo milkshake,milkshake,spicy food,hazelnut milkshake,Oreo crush,pasta arbaiata"
Kitchen Garden,"1750, 14th Main, Police Station Road, Kumaraswamy Layout, Bangalore",3.6,Kumaraswamy Layout,300.0,,,"Indian veg thali,lemon chicken gravy"
Recipe,"1621, 1st Floor, 50 Feet Main Road, Kumaraswamy Layout, Bangalore",4.0,Kumaraswamy Layout,450.0,,,"paneer gravy,Plain dal,White rice,phulkas,curd,pickle,onions,pakoda"
Beijing Bites,"179, 1st Floor, Jawarlalnehru Road, BEML Layout, Rajarajeshwari Nagar, Bangalore",3.7,Rajarajeshwari Nagar,850.0,bad,,"Chicken Beijing Noodles,Chicken Manchurian Gravy,Chicken noodles,Chilli Chicken Gravy,Chicken Schezwan,Perkins chicken,koi Thai noodles,chicken manchurian,chicken hakka noodles,Shanghai fried rice,Thai Chicken Red Curry with Steamed Rice"
Tasty Bytes,"1607, Sagar Hospital Road, Near Dayanandasagar College, Kumaraswamy Layout, Bangalore",3.1,Kumaraswamy Layout,300.0,,,
Petoo,"276, Ground Floor, 100 Feet Outer Ring Road, Banashankari 3rd Stage, Banashankari, Bangalore",3.7,Banashankari,450.0,,,masaledaar chole
Shree Cool Point,"1514, 4th Cross, 7th Main, RPC layout, 2nd Stage, Vijay Nagar, Bangalore",4.1,Vijay Nagar,150.0,,,"Musk melon juice,Carrot juice,Mushroom sandwich,corn sandwich,masala puri"
Corner House Ice Cream,"808/6-1, 24th A Cross, K.R Road, 2nd Stage, Banashankari, Bangalore",4.3,Banashankari,400.0,excellent,,"Death by chocolate,DBC,chocolate mousse with cream,choco nutty,choco almond sundae,Cake fudge,cashew fudge,caramel,fruit salad with ice cream,Lychee with icecream"
Biryanis And More,"178, Next To Old KEB Office, 8th F Main Road, 24b Cross, 3rd Block, Jayanagar, Bangalore",4.0,Jayanagar,750.0,,,"chicken biryani,Boneless chicken Biryani,Egg Biryani,Chiken noodles,Afghani chicken biryani,Paneer Tikka Biryani,Green Chilli Biryani,Kaju biryani,Veg Mix,chicken tikka,chicken dum biriyani,chettinad chicken,DUM DUM Biryani rice"
Roving Feast,"78, 21st Main Road, Near BDA Complex, 2nd Stage, Banashankari, Bangalore",4.0,Banashankari,450.0,friends-hangout,,"momos,Chilli noodles,Egg Fried rice,crispy chilli chicken,veg momos in manchurian sauce,steamed Momos,paneer Momos in schezwan sauce,white sauce pastas,arrabiata pastas,nachos,schezuan fried rice,Mock tails,chicken roll,chicken momos,chicken hakka noodles,crispy chilly chicken,momo Manchurian,Russian salad"
FreshMenu,"10, Stavyah Arcade, 3rd Floor 9th Main, Yarab Nagar Main Road, Banashankari, Bangalore",3.9,Banashankari,450.0,,,"chicken noodles,spinach potpie,lucknowie paneer biryani,gulab jamun mango jar,southwestern fried chicken,creamy pepper fusilli,cookie dough cake,Arabian pasta,paneer salad"
Banashankari Donne Biriyani,"218/1,11th Main, 50 Feet Road, Hanumanthnagar, Banashankari, Bangalore",3.8,Banashankari,300.0,,,
Wamama,"2466, Bhaskar Grand Tower, 24th Cross, Opposite BDA Complex, Banashankari, Bangalore",4.2,Banashankari,800.0,excellent,No,"sushi,dimsums,Egg fried rice,char Sui bao,Fruit punch,Korean wings,Hongkong noodles,Thai steamed fish,khow suey,Mushroom Manchurian,Manchow Soup,Bol Choy & Tofu Dumpling,Wamama Special Bao,Paneer Chilli,Japanese noodles,Teriyaki chicken,Japanese chicken fried rice,sweet chilly fries,fried ice cream"
Five Star Chicken,"484/A, 1st Stage, 2nd Block, 4th Main Rd, SBM Colony, Seetha Circle, Banashankari, Bangalore",3.6,Banashankari,200.0,bad,No,"popcorn,Chicken pieces,Italian hotdog,Wings,Puri puri chicken fry,Chicken roll,Chicken items"
XO Belgian Waffle,"18, B K Complex, Opposite To BDA Complex, 21st, Main Road, 2nd Stage, Banashankari, Bangalore",3.7,Banashankari,400.0,,,"bubble gum shake,coffee waffle,vanilla ice cream"
Peppy Peppers,"942, 3rd Floor, 21st Main Road, 2nd Stage, Banashankari, Bangalore",4.2,Banashankari,800.0,excellent,,"hot chocolate,Nachos,Fries,Thai green curry,Quesadillas,Greek salad,garlic prawn,mozzarella cheese sticks,Arabiatta,Alfredo,Super Large Fries,Cheese cottage steak,Cajun Spice Potatoes,Butter Chicken Fries,Dal-Methi,Phulka,spinach corn mushroom sandwich,Cheese balls,Paneer tikka biriyani,Thin crust Chicken supreme pizza,Veg tortellini soup,Veg Masala Nachos"
Goa 0 Km,"1828, 50 Feet Road, 2nd Stage, Kumaraswamy Layout, Bangalore",3.6,Kumaraswamy Layout,800.0,excellent,,"ghee roast squids,ghee roast chicken,chicken kebab,lemon chicken,pomfret rechado masala,chicken gheeroast,seafood"
Chinese Kitchen,"67, Kanasu Complex, Kubirmutt Road, Hunumathathangar, Basavanagudi, Bangalore",3.8,Basavanagudi,150.0,,,"Roti curry,Chinese meal combo"
1947,"296, Ram Towers, 100 Feet Ring Road, Banashankari, Bangalore",4.0,Banashankari,850.0,excellent,,"spicy corn soup,sholey ke paneer,Panner Tikka Dum Biriyani,Panner Lababdar"
Cake of the Day,"295/B, 7th Main Road, 100 Feet Ring Road, 7th Block, 3rd Stage, Banashankari, Bangalore",3.7,Banashankari,150.0,bad,No,"pineapple pastry,chocolate pastry,dark chocolate truffle,pineapple cupcake,chocolate mousse cup,mushroom puffs,black forest cake,Choco Almond pastry,Almond cake,Assorted Puff,eggless orange cake,honey cakes,mango cake,salt biscuits,paneer puff,vanilla pastry,butter biscuits"
Kabab Magic,"31, Opposite Vijaya College, RV Road, Basavanagudi, Bangalore",4.1,Basavanagudi,400.0,average,,"shawarma plate,mayonnaise,Chicken grill,biryani rice,grilled chicken,barbeque tandoor chicken,broast chicken,shawarma roll,biryani combo,kebab,tandoor chicken,grape juice,Rose milk"
Namma Brahmin's Idli,"30th Cross, 8th Main, Near Jain Temple, 4th Block, Jayanagar, Bangalore",3.6,Jayanagar,100.0,family-friendly,,"thatte idlis,podi butter Idli,kharabath,pudi butter idle,khara bath,vade"
Gustoes Beer House,"10, 30th Main, Deve Gowda Petrol Bunk Road, 3rd Stage, Banashankari, Bangalore",4.1,Banashankari,1.2,friends-hangout,,"grilled fish steak,watermelon fizzy Mocktail,Kung Pao Chicken,Murgh Beer House Tikka,Paneer Sofiyan Tikka,French fries,pizzas,Raw Mango salad,Papaya salad"
Sugar Rush,"186, 11th Main, 4th Cross, Hanumanthnagar, Banashankari, Bangalore",3.8,Banashankari,300.0,,,"cupcakes,chocolate ganache cake,chocolate vanilla cake,Nutella,chocolate,eggless cakes,cupcakes,cake loafs,double chocolate,fondant cake,vanilla cake,beautifully designed cakes"
Burger King,"59/3, Ground & First Floor, West Anjaneya Temple Road, Ward 49, Gandhi Bazaar, Basavanagudi, Bangalore",3.2,Basavanagudi,600.0,good,,"chicken whopper,large fries"
The Good Bowl,"101, Ground Floor, Manjunatha Complex, 22nd Main Road, 2nd Stage, Banashankari, Bangalore",3.6,Banashankari,500.0,,,"panner tikka bowl,channa,Paneer Masala Bowl,Makai Masala Bowl,Mac n Cheese Bowl,Mughlai Chicken Rice Bowl,Veg Bowl with cottage Cheese"
The Biryani Cafe,"476, 2nd Floor, 9th Cross, Avalahalli BDA Park, BSK 3rd Stage, Banashankari, Bangalore",4.1,Banashankari,300.0,decent,,"Paneer fry,mint cooler,chicken Basmati biryani,Biryani Cafe Chicken Fry,Donne Biryani,Pudina Juice,jeer rice Biryani,egg chilli,kothu poratta,paneer special fry,mushroom fry"
LSD Cafe,"100 Feet Road, 3rd Stage, Banashankari, Bangalore",2.9,Banashankari,700.0,,,"veg dragon chopseuy,Chicken LSD biryani,dal khichdi,white sauce non-veg pasta,schezwan noodles,Gobi manchurian,kit kat shake,chicken tikka masala,garlic butter naan,American Chopsuey,Changezi Chicken,Egg Fried rice,Chilly paneer,Chicken Biryani,Mushroom Fried rice,Oreo shake"
Rolls On Wheels,"Shop 33 & 30, 21st Main, Near BDA Complex, 2nd Stage, Banashankari, Bangalore",3.6,Banashankari,300.0,friends-hangout,,"tava panneer roll,momoss,cheese fingers,rolls"
Sri Guru Kottureshwara Davangere Benne Dosa,"49/1, Subbaraoshetty Road, Netkallappa Circle, Basavanagudi, Bangalore",4.1,Basavanagudi,150.0,bad,,"Benne Masala Dosa,Girmittu,set Dosa,Mirchi,flitter coffee,opened dosa,paddu,khali dosa,Butter kali dosa,Chilli Bhajji,filter kaapi,benne dosa,salty coconut chutney,mashed potatoes"
Devanna Dum Biriyani Centre,"16th Main Road, Near PESIT College, Banashankari, Bangalore",3.6,Banashankari,300.0,bad,,"biriyani,kebab,Chicken meals,Chicken kabab,Paratha curry"
Kolbeh,"1430, 22nd Cross, Next To Coffee Day, Near BDA Complex, Banashankari, Bangalore",3.7,Banashankari,500.0,family-friendly,,"burger,sandwich,french fries,kolbeh burger,lamp burger"
Upahar Sagar,"727, 23rd Cross, KR Road, 2nd Stage, Banashankari, Bangalore",3.8,Banashankari,350.0,bad,Yes,"masala dosa,bisi bele bath,chow chow bath,triple fried rice,Madila Dosa,Dal fry,Jeera rice,Idli,vada,paneer tikka Masala,kulcha,North Indian thali,biryani,fried rice,gobi manchuri,gulab jamun,rava dosa"
Kadalu Sea Food Restaurant,"36, 2nd Main, RPC Layout, Vijay Nagar, Bangalore",3.8,Vijay Nagar,500.0,bad,,"chicken tikka gravy,naan,fried rice,Neer Dose,Fish Curry,Anjal Rava Fry,Prawns Pepper Dry"
Frozen Bottle,"2477, 24th Cross Road, Siddanna Layout, Stage 2, Banashankari, Bangalore",4.2,Banashankari,400.0,excellent,,"milkshakes,Ice cream jar,waffles,Nutty chocolate shake,icecreams,caramel icecream"
Parimala Sweets,"1142, 22nd Cross, 30th Main, Banashankari, Bangalore",3.5,Banashankari,200.0,,,"samosas,cham cham,jahangeer sweets,Rasgullas"
Vaishali Deluxe,"512, 2nd Cross, 3rd Stage, Banashankari, Bangalore",3.8,Banashankari,700.0,,,"Tandoori chicken,Special chicken dry"
The Big O Bakes,"45/12, 4th Cross, 10th Main, Gururaja Layout, Banashankari, Bangalore",4.0,Banashankari,300.0,,,"chocolate cakes,red velvet cakes,red velvet cupcakes,seasonal flavours,customised cakes,dark chocolate salted caramel cake,seasonal strawberry cream cake,cake in a jar,banoffee pie,Nutella cupcakes,shooter cupcakes with baileys and jack Daniels,brownies,muffins,tarts,macaroons,strawberry sensation,key lime pie,banana muffins,JD truffles,cream cheese red velvet"
Meghana Foods,"52, 1st Floor, 33rd Cross, 4th Block, Jayanagar, Bangalore",4.4,Jayanagar,600.0,crowded,,"chicken boneless biriyani,Meghana special biriyani,lemon chicken,tandoori chicken,prawn biryani,lollypop biriyani,Dum Aloo Biryani"
Krishna Sagar,"38, 22nd Main, 22nd Cross, Opposite BDA, 2nd Stage, Banashankari, Bangalore",3.5,Banashankari,200.0,bad,,"panner butter masala,thali,idli,bhindi masala,panner kolhapuri,butter chapati"
Dessert Rose,"1/34, 3rd Cross Road, Kathriguppe IV Phase, Banashankari 3rd Stage, Banashankari, Bangalore",3.5,Banashankari,500.0,,,"rose macaroon,chocolate macaroon"
Chickpet Donne Biryani House,"480/A, 50 feet road, Nagendra block, Near PES College, Nagendra block, Banashankari, Bangalore",3.7,Banashankari,250.0,family-friendly,,"biryani,chicken pepper dry"
Thanco's Natural Ice Creams,"941, 21st Main Road, BSK 2nd Stage , Near BDA Complex, Banashankari, Bangalore",3.2,Banashankari,300.0,friends-hangout,,"gulkand flavour,natural ice creams,milkshakes"
Nandhini Deluxe,"304, Opposite Apollo Public School, 100 Feet Ring Road, 4th Phase, 7th Block, Banashankari 3rd Stage, Bangalore,",2.6,Banashankari,600.0,excellent,,"Biryani,south Indian meals"
Vi Ra's Bar and Restaurant,"3828, Near Deve Gowda Petrol Bunk, 30th Cross, 3rd Stage, Banashankari, Bangalore",3.3,Banashankari,800.0,,,
Kaggis,"50 Feet Road, Hanumanthanagar, Banashankari, Bangalore",3.8,Banashankari,250.0,,,"veg puff's,paneer pizza piece"
Ayda Persian Kitchen,"34, 22nd Main, 22nd Cross, Opposite BDA, 2nd Stage, Banashankari, Bangalore",3.7,Banashankari,950.0,rustic and beautiful,,"joojeh,kobideh,hasiri,kabab sheshliks,korma sabzi,hummus,mast mosar,joojeh lohmei"
Chatar Patar,"24/1, 23rd Cross, 6th Main Road, Opposite Kaveri Grameena Bank, 2nd Stage, Banashankari, Bangalore",3.7,Banashankari,300.0,,,"corn and mayo sandwich,dahi papdi chat"
Polar Bear,"96, Opposite Jain Collage, Basavanagudi, Bangalore",3.8,Basavanagudi,400.0,cozy,,Death By Chocolate
Kidambi's Kitchen,"2465, 3rd Floor, Opposite BDA Complex, 24th Cross, Banashankari, Bangalore",3.5,Banashankari,300.0,simple,,"beetroot palya,heerekai kootu,kosambari,chutney,chapati,puliyogere,chilly bajji,papad,curd,buttermilk,shavige paaysa,rice,rasam,sambar,kurma,poories,poori,saagu,Huli(Sambar),Saaru(Rasam),Shavige payasa,Happala(papad),mensinkai bajji(mirchi)"
Mane Thindi,"295/A, 7th Main road, 7th Block, 3rd Stage, Banashankari, Bangalore",3.7,Banashankari,200.0,bad,No,"jumbo thindi,Benne Masala dosa,Avarakalu dosa,Idly,small dosa,vada,Bread dosa,Ghee dosa,kesaribath,karabath"
Kotian Karavali Restaurant,"1189, 10th Cross, Shankarnag Circle, 1st Stage, 2nd Block, Banashankari, Bangalore",3.5,Banashankari,300.0,bad,,"neer dosa,anjal masala fry"
Floured-Baked With Love,"415, 1st C Cross, Banashankari 3rd Stage, 5th Block, Bangalore, Banashankari, Bangalore",3.8,Banashankari,400.0,,,"red velvet cupcakes,chocolate cakes,dulce de leche brownies,vanilla cake with chocolate buttercream,chocolate cake with vanilla cream,lemon cake,cookies,plum cake"
CAFE NOVA,"101, Water Tank Road, 2nd Block, 3rd Stage, Banashankari, Bangalore",3.2,Banashankari,600.0,excellent,,"pasta,banana coffee,hot chocolate with mint,sausage,nuts sundae,Hazelnut Cappuccino,Irish toppings"
Cakes  Slices,"27, 80 Feet Road, Srinivasnagar, Banashankari, Bangalore",3.5,Banashankari,300.0,excellent,,"samosa,pizza,pineapple pastries,butterscotch pastries,Breads cakes,Veg Puffs,Ohm Biscuits,Butter Biscuits,Khara Bread,Pineapple cake,Vanilla pastry,strawberry pastry,Chocolate pastry,palya (aloo) bun,khara bun,Bread toasts,fresh cream cakes,donuts,mousse cakes,choco lava,various kinds of puffs,rolls,chocolates"
Spice 9,"Number 42, 4th Block, 6th Stage Banashankari, Vrishabhvachi Nagar, Opposite RV College of Architecture, Bangalore",3.4,Banashankari,300.0,,,"Paneer Rolls,Chicken Fried Rice,shawarma roll,chicken 65,Chicken Dum Biryani,Chicken Kolapuri"
Naveen Kabab  Biriyani Mane,"2, 3rd Cross, Near Pesit College, Banashankari, Bangalore",3.2,Banashankari,300.0,,,
Katriguppe Donne Biryani,"8, Katriguppe Main Road, Vivekananda Nagar, 3rd Stage, Banashankari, Bangalore",3.2,Banashankari,300.0,,,
Atithi Point Ande Ka Funda,"7/1, Behind BMS College Hostel, 80 Feet Road, 1st Stage, Srinivas Nagar Bank Colony, Banashankari, Bangalore",3.1,Banashankari,150.0,bad,,"egg Maggie,aloo paratha,parathas,egg roll"
Just Bake,"3967, VHBC Society, Girinagar Phase 4, Hosekerehalli Mani Road, Banashankari 3rd Stage, Banashankari, Bangalore",3.4,Banashankari,400.0,,,
K27 - The Pub,"27, 27th Cross, 2nd Stage, Banashankari, Bangalore",3.1,Banashankari,1.0,bad,,"panner ghee roast,palak panner,Chicken uruwal,Egg Pakora,Tandoori Roti,Egg masala,Chicken Kolhapuri,chicken drumstick,egg fried rice"
Bengaluru Coffee House,"4001/4002, Annapoorneshwari Plaza, Near Seetha Circle, Hosakerehalli Cross, Banashankari, Bangalore",4.1,Banashankari,300.0,,,"Pongal,Idlis,masala dosa,Gobi Manchurian,fried rice,kesari bhath,neer dosa"
New Mangalore Lunch Home,"89, Near PES College, 22nd Main Road, Girinagar, 1st Stage, Banashankari, Bangalore",3.3,Banashankari,200.0,,,
Coffee Bytes,"10th Main, Hanumanthanagar, 50 Feet Road, Phase 1, Banashankari, Bangalore",3.1,Banashankari,100.0,friends-hangout,,"masala dosa,idli,Idly Vada,Kharabath,Kesari bath"
Parjanya Chat Zone,"68, Opposite ICICI Bank, 21st Main Road, 2nd Stage, Banashankari, Bangalore",3.3,Banashankari,200.0,bad,,"sandwich,KitKat Milkshake,potato-on-a-stick,ginger tea,ginger lemon tea,gulab jamun,Kodbale masala,boti masala,nippat masala,moong dal masala,bangarpet pani puri,hindupur Sandwich,malnadu coffee,vadapavs,peri peri fritato"
Kwality Wall's Swirl's Happiness Station,"590, 24th Cross, 2nd Stage, Banashankari, Bangalore",2.9,Banashankari,200.0,friends-hangout,,"Kesar pista ice cream,Choco Bar,Strawberry,Butterscotch,Fruit & Nut,Softie cone"
Ruchi Maayaka,"Padmanabhanagar, Banashankari, Bangalore",3.3,Banashankari,100.0,,,"South indian breakfasts,home made foods,Roasted paddus,pudina chutney"
Anna Kuteera,"21, 80 Feet Road, 3rd Phase, 4th Block, 3rd Stage, Banashankari, Bangalore",4.0,Banashankari,450.0,bad,,"idly vada,dosa,filter coffee,Thali,North Indian Rotis,palav,masala dosa"
Darbar,"1, Near BDA Complex, 24th Main, 2nd Stage, Banashankari, Bangalore",3.0,Banashankari,800.0,friends-hangout,,"chicken appetizers,fried rice,biryani"
Vijayalakshmi,"No.37, Shree Complex, Next to Dominoes Pizza, Bull temple Road, Basavanagudi, Bangalore",3.9,Basavanagudi,200.0,,,"Mangaluru bonda,chats,coffee,Idly vada set dosas,Masala dosas,Poori,chaat,Channa Batura,south Indian Thali,parcel roti,Panner Masala,Rava Idli,potato saagu"
Sri Udupi Food Hub,"155, 43rd Cross Road, 8th Block, Jayanagar, Bangalore",4.1,Jayanagar,500.0,excellent,,"French fries,Gobi Manchurian,Plain Dosa,Set Dosa,Rava Idly,chaats,idli,vada,masala dosa,coffee,Mughlai Biryani"
Udupi Upahar,"No.1585, 22nd Main,Banashankari 1st Stage",3.8,Banashankari,300.0,bad,No,"vada,onion dosa,idli,masala dosa,Gobi Manchuria,Paneer butter masala,Dosas,Idli"
House Of Kebabs,"39/1, R.V Road, Opposite Vijaya College, Basavanagudi, Bangalore",3.8,Basavanagudi,650.0,bad,,butter kulchas
Roll N Rock,"608, 21st Cross, Kumaraswamy Layout, Bangalore",3.8,Kumaraswamy Layout,400.0,,No,"paneer roll,fried rice,rolls"
BOX8- Desi Meals,"100 Feet Ring Road, 2nd Phase, Banashankari, Bangalore",4.1,Banashankari,500.0,,,"Kadhai paneer,Dal makhani,Paneer makhani,Fusion box,Veggie delight sandwich"
KFC,"1, 80 Feet Road, 6th Block, 3rd Stage, Banashankari, Bangalore",3.8,Banashankari,450.0,excellent,,"chicken,chicken popcorn"
Roll Over,"1A/29 , Shop 2 , 27th Cross, Jayanagar, Bangalore",4.1,Jayanagar,500.0,decent,No,"banana caramel,blueberry ice cream rolls,lychee rush,nutty kulfi,DEATH BY CHOCOLATE,RED VELVET,BUTTERSCOTCH,filter kapi,chocolate karma,Choco chip overload,Hot chocolate fudge,chilly gauva"
Imperial Restaurant,"153, Satellite Bus Stand, Byataranyapura, Mysore Road, Bangalore",3.7,Mysore Road,750.0,bad,,"chicken fried rice,chicken noodles,paneer butter masala,butter naan,prawns fried rice,biriyani rice"
Lassi Shop,"Dayanand Sagar College Road, Kumaraswamy Layout, Bangalore",3.9,Kumaraswamy Layout,150.0,,,"Lassi,Nutella Brownie Ice-cream"
The Fortuna,"Basement, MR Complex, Near Police Station, 25th Cross, 14th Main, Kumaraswamy Layout, Bangalore",3.0,Kumaraswamy Layout,250.0,,,
Wahab,"28/29, 9th Main Road, 3rd Block, Jayanagar, Bangalore",3.7,Jayanagar,350.0,,,"chicken kabab,tandoori chicken,Paneer Manchurian,lemon chicken rolls,crispy chicken biryani,Biryani,Malai kofta"
Al Diwan Biryanis And More,"11/2, Ground Floor, Khazi Street, Basavanagudi, Bangalore",3.3,Basavanagudi,300.0,excellent,,"ghee rice,chicken biriyani,biryani,bheja masala,katakat,leg soup,brain pepper masala,chapati,paya,sheep head,mutton chops,shami kabab"
New Gowda's Fried Chicken,"4th Cross Road, Byatarayanapura, Srinagar, Banashankari, Bangalore",3.3,Banashankari,300.0,,,"biryani,kabab,mutton biryani"
Canton,"28-29, 3rd Block, 9th Main Road, Jayanagar, Bangalore",3.6,Jayanagar,800.0,normal,,"pork dishes,chicken biryani,egg noodles,fish curry"
Diabetics Dezire Sugarless Sweets and Bakes,"92/1, Gandhi Bazaar Main Road, Basavangudi. Next to Vodafone Showroom, Basavanagudi, Bangalore",3.3,Basavanagudi,300.0,,,"sweets,lemon ginger squash"
The Blue Wagon - Kitchen,"615/1, Ground Floor, Janardhan Mansion, 10th C Main, 32nd D Cross, 4th Block, Jayanagar, Bangalore",4.6,Jayanagar,400.0,excellent,No,"chilli cheese maggi,herbs wala burger,basic sandwich,salsa,nachos,five pepper sandwich,Nutella Banana Sandwich,Shikanji,nachos Chaat,Garlic mushroom maggi,American Habanero maggi,Butter Garlic Maggi,Nachos Chat,Butter garlic noodles,veg pizza,juicy veg sandwich,chocolate oreo shake,Garlic cheese bread,jalapeo popper,cottage cheese sandwich"
HOT COFFEE,"79, Vanivilas Road, Next to KFC, Basavanagudi, Bangalore",4.1,Basavanagudi,150.0,,,"Baby Corn Manchurian,Vada Sambar,Pakoda,noodles,schewan fried rice,veg fried rice,Gobi Manchurian,fried rice"
Patio 805,"805, Ground Floor, 35C Cross, 9th Main, 4th Block, Jayanagar, Bangalore",4.1,Jayanagar,1.2,excellent,No,"stir fried flat noodles,Thai green curry,Vietnamese coffee,half moon dumplings,honey chilli potatoes,Hakka noodles,Laksa Soup,Tofu in tomato pepper sauce,raw papaya salad,glass noodles,virgin pina colada,burnt garlic noodles"
Lassi Corner,"1304, Kathriguppe Main Road, Ashok Nagar, NR Colony, Basavanagudi, Bangalore",3.7,Basavanagudi,150.0,friends-hangout,,Lassi
Sagar Deluxe,"1761, Near Swathi Nursing Home, 14th Main Road, 1st Stage, Kumaraswamy Layout, Bangalore",3.2,Kumaraswamy Layout,300.0,,Yes,"Idly,Kharabath,Coffee"
Kanti Sweets,"374/B, 2nd Phase, BSK 3rd Stage, Srinivasa Nagar, Banashankari, Bangalore",4.0,Banashankari,400.0,,,"Mysore pak,kaju katli,kalakand,radagulla,goolab jamoon,ghee jalebi,dry fruits,mini rasagullas,mini jamoon,benne murukku,badam halva,Jaju barfi,Samosa,Kachori,Special Mysore Pak,Malai Cham Cham,Kaaju katli,rasmali,angoori gulab jamoon,angoori petha,Kaju roll,sohan halwa"
Vegetalia,"582,2nd Main, 6th Block 2nd Phase Banshankari 3rd Stage Bangalore-560085",3.7,Banashankari,400.0,,,"veget pizza,pasta,garlic bread,pineapple pizza,Spicy-6,Hot N Spicy,pasta (cream & pink)"
Aramane Donne Biryani,"3-94/1, 80 Feet Road, Near New Big Bazaar, Kathriguppe, Banashankari, Bangalore",3.5,Banashankari,200.0,,,"lollipop,chicken biryani,donne biryani,chilly chicken"
Ande Ka Funda,"9/1, Behind BMS College Hostel, Hanumantha Nagar, Banashankari, Bangalore",3.8,Banashankari,250.0,,,"rolls,parathas"
Cake Ghar,"24, Next to Roti Ghar, Gandhi Bazaar Main Road, Basavanagudi, Bangalore",3.8,Basavanagudi,400.0,,,"ice cream,cake,pastry,sweets"
Energy Addaa,"Rashtriya Vidyalaya Road, Basavanagudi, Bangalore",4.2,Basavanagudi,500.0,friends-hangout,,"Mojito,Cheesy peri peri fries,loaded nachos,Margherita pizza,Royal Falooda,Oreo Fantasy Shake,Ferraro Rocher Shake,Tandoori paneer pizza,Peri Peri fries,spinach & corn sandwich,red velvet & black Forrest pastries,Loaded Nachos,French fries,Green garden pizza,Spinach American corn,Alfredo Pasta,Green pesto pasta,Spinach corn sandwich,Red velvet pastry,Belgian chocolate cake,Oreo and kitkat shakes,fruit salad,paneer tikka pizza,Pesto pasta,spaghetti with triple sauce,Peri Peri Fries,American Green Special pizza,Grill paneer with lettuce sandwich,Apple, beetroot, carrot juice,Mint watermelon"
Bhattara Bhojana,"855/A, 5th A Cross,10th Main Road, Srinivasanagar, Towords Maruthi Circle, Banashankari, Bangalore",3.6,Banashankari,150.0,,,
Tandoori Knight,"34, 22nd Main, 22nd Cross, Opposite BDA, 2nd Stage, Banashankari, Bangalore",3.0,Banashankari,450.0,bad,,"chicken Biriyani,grilled chicken,roti,egg burji"
Dev Sagar - Food Street,"11/2, Old Market, V V Puram, Basavanagudi, Bangalore",4.1,Basavanagudi,200.0,,,"pav bhaji,dahi puri,sweets,Pani puri,Sev puri,vada Pav,Tawa pulao,jilebi rabadi,rasamilai,Tawa Pulao,rabdi,Malpua,GULAB JAMUN,RABDI,Raj Kachori"
Mitraa Da Pizza,"1779, 14th Main, Kumaraswamy Layout, Bangalore",3.8,Kumaraswamy Layout,250.0,excellent,,pizza
Paradise Premium,"224/Y, 100 Feet Ring Road, 7th Block, 3rd Stage, Banashankari, Bangalore",3.1,Banashankari,700.0,,,garlic chicken
Grazers,"2, Old 36, 8th F Main, 3rd Block, Jayanagar, Bangalore",3.9,Jayanagar,650.0,friends-hangout,,"pancake,omlete,crispy joes,basil and chicken burger,crispy chicken burger,cheesed pizza,double veg burger,American Hotdog,Piri-Piri French fries,Watermelon Smoothies,Muskmelon Smoothies,Potato Wedges,BBQ Cottage Cheese Hot Dog,Margarita pizza,Thai Curry,bread,omlet"
Shakes Theory,"766/25-01, 47th A Cross, Near Sangam Circle, Adarsh Gardens Apartments Road, 8th Block, Jayanagar, Bangalore",4.5,Jayanagar,300.0,friends-hangout,,"Oreo milkshake,choco brownie milkshake,peri peri sandwich,spinach corn sandwich,litchi milkshake,Irish Creme shake,Red velvet shake,Brownie blast shake,Chikki shake,Very berry strawberry shake,Julab gamoon shake,Red velvet cheese cake thickshake,Ferrero rocher shake,Kit kat Shake,mushroom cheese sandwich"
Italy,"1766, 14th Main, 1st Stage, Kumaraswamy Layout, Bangalore",4.1,Kumaraswamy Layout,700.0,ok,,"garlic bread,pizza,Italian Farm Pizza,Cheesy Garlic bread,Chef Special Pasta"
Chilli Flakes,"Opposite BNM School, Near BDA complex, Banashankari, Bangalore",3.6,Banashankari,500.0,,,"Corn Spinach & cheese sandwich,Smoked Burger,Momos"
Calcutta Cafe,"728/1, 14th Main Road, 1st Stage, Kumaraswamy Layout, Bangalore",3.5,Kumaraswamy Layout,350.0,friends-hangout,,"Biryani,aloo Posto,egg roll,fried maggi,CC special maggi,egg dragon,mutton with rice and dal,sorse Ilish,Chicken Biriyani"
Old Mumbai Ice Cream,"416, 24th Cross, 9th Main, 2nd Stage, Banashankari, Bangalore",3.9,Banashankari,150.0,excellent,,"paan masala,Mud-pie mojo,Coffee Almond,Coconut Malai,nutella brownie,red velvet sundaes,dutch truffle milkshake"
Donne Biriyani House,"4009, 80 Feet Road, 4th Phase, Banashankari, Bangalore",3.9,Banashankari,400.0,,,"Biriyani,kushka,kabab,chilly chicken,Pepper chicken"
By 2 Coffee,"12, Old 387, Market Road, V.V.Puram, Basavanagudi, Bangalore",3.9,Basavanagudi,100.0,friends-hangout,Yes,"coffee,idly,vada,chutney,crisps dosas,holiges,jamuns,Chow Chow Bath"
Kedia's Fun Food,"6th C Main, 4th Block, Jayanagar, Bangalore",4.3,Jayanagar,200.0,bad,No,"channa bhatura,pav bhaji,aloo sabji Puri,paneer paratha,vada pav,dahi papdi Chaat,Kachori,Aloo Vada Pav,Aloo Paratha,Khaman Dhokla,Jhal Muri,Dahi Aloo tikki chaat,vegetable cutlets,Rasgulla,bread pakoda,sabudana vada,chole bature,samosa,raj kachori,Sev puri"
Davangere Butter Dosa Hotel,"1771, 14th Main Road, 1stage, Kumaraswamy Layout, Bangalore",3.8,Kumaraswamy Layout,150.0,excellent,,"Kharabath,Butter Masala Dosa"
Just Shawarma,"1424, 14th Main Road, 1st Stage, Kumaraswamy Layout, Bangalore",3.9,Kumaraswamy Layout,300.0,family-friendly,No,"Shawarma on a plate,Malgoum Shawarma"
Mini Punjabi Dhaba,"7/1, Behind BMS College Hostel, Hanumantha Nagar, Banashankari, Bangalore",4.2,Banashankari,350.0,bad,,"paneer keema,tandoori roti,phulkas,jeera rice,dal,paratha,pulka,paneer do pyaza,butter roti,bhindi fry,aloo gobi,masala papad,lassi"
Mulabagilu Dosa,"19, V.V.puram National School Road, Basavanagudi, Bangalore",3.6,Basavanagudi,100.0,,,Mulubagilu dosa
Caf Down The Alley,"12,29 Near PES University Back Gate, D'Souza Nagar, Hosakerehalli, 3rd Stage, Banashankari, Bangalore",4.1,Banashankari,500.0,friends-hangout,,"waffles,Mango Smoothies,Almond Smoothies,Potato Wedges,Pesto Veg Pasta,Alfredo Veg Pasta,Chilly Baby Corn,French Fries,Black currant,Lychee Smoothies,Chilli cheese Maggi,blue lagoon,sandwiches,nuggets"
Gokul Veg,"1st Floor, GR Plaza, DVG Road, Near Gandhi Bazaar circle, Basavanagudi, Bangalore",3.8,Basavanagudi,750.0,,,"masala papad,mushroom 65,babycorn chilli,paneer butter masala,naans,curd rice"
Olive - Era,"1763, Near Swathi Nursing Home, 14th Main Road, 1st Stage, Kumaraswamy Layout, Bangalore",3.3,Kumaraswamy Layout,550.0,,,
Udupi Ruchi,"31/1, Puttalingaiah Road, Second Stage, Bangalore, Banashankari, Bangalore",3.9,Banashankari,200.0,,,
Madhappa Hindu Military Hotel,"80 Feet Road, Hosakerehalli Cross, B S K 3rd Stage, Banashankari, Bangalore",3.4,Banashankari,300.0,bad,,starters
Gama Gama,"17, Ground Floor, Near Big Bazar, 100 Feet Ring Road, 3rd Stage, Banashankari, Bangalore",3.9,Banashankari,200.0,peaceful,,"Talipattu,Girmit,Sabudhana Vada,Millet taalipattu,Shenga holige,Jolad Rotti,Brinjal Palya,Holige"
The Vintage Cafe,"146, 50 ft Road, 3rd Phase, 3rd Stage, Near Katriguppe Water Tank Circle, Banashankari, Bangalore",3.0,Banashankari,400.0,bad,,"Chikmagalur Filter Coffee,Strawberry Milk Shake,Iced Tea,veg cheese corn sandwich,paneer burger,pizza"
Pizza Hut,"2469, 21st Cross, Near BDA Complex, 2nd Stage, Banashankari, Bangalore",3.8,Banashankari,750.0,,,"Italiano,exotica,volcano cakes"
Mangalore Pearl,"197/F, 8th B Main, 27th Cross, 3rd Block, Jayanagar, Bangalore",3.8,Jayanagar,650.0,family-friendly,No,"spl fish thali,fish ghee roast,fish tawa fry,neer dosa,mushroom ghee roast,ghee roast"
Asha Sweets Centre,"26/3, Bugle Rock Road, Gandhi Bazaar, Basavanagudi, Bangalore",3.6,Basavanagudi,250.0,good,,"samosa,kachori,rasmalai,kulfi,Chiroti,Moti chur ladoo,Basundi,badam milk,dahi puri,moti chur laddu"
Twiststick House,"97, Opposite Jain College, Kavi Lakshmisha Road, VV Puram, Basavanagudi, Bangalore",4.1,Basavanagudi,500.0,friends-hangout,,"Pasta,Cheese Garlic Bread,Paneer 65,Peri Peri Twisticks,Jain Twisticks,Mushroom Pepper,Fries with Mayonnaise,Mixed Sauce Pasta,Tava Pallav,Triple Schezwan Fried Rice"
Cool Corner,"1/4, Nisha Complex, KR Road, Near National College, Basavanagudi, Bangalore",4.2,Basavanagudi,250.0,,,"masala dosa,special rice item,sandwiches,icecreams,chaats,akki rotti,rava dosa,pongal,butterscotch milkshake,butter fruit juice,filter coffee,pulao,set dosa,onion dosa,Ragi Dosa"
Pizza Mane,"9/63, 1st C Main Road, Kathreguppe, Vivekananda Nagar, Banashankri, Bangalore",3.5,Banashankari,150.0,,,"pizza mane spl pizza with cucumber,capsicum,onion,tomato,cheese,paneer"
Dal Tadkaa,"1, Kathriguppe Main Road, 3rd Stage, Banashankari, Bangalore",2.5,Banashankari,500.0,family-friendly,No,"dal tadkaa,stuff kulcha,dal-bati churma,paneer butter masala,garlic naan,dal makhni,kulfi,moong ka halwa,baby corn pepper dry,palak paneer,dal bhati churma,ghee rice,sweet corn soup,gulab jamun,jal jeera"
Chutney Chang,"Cosmopolitan Club, 22nd Cross, 3rd Block, Jayanagar, Bangalore",4.1,Jayanagar,1.5,excellent,Yes,"mutton biryani,desserts,chocolate fountain,marshmallow,Paneer tikka,babycorn chilli,veg biryani,naan,palak paneer,raita,gulab jamun"
Mystique Palate,"615/1, 10th C Main,32nd Cross Road ,Janardhan Mansion, 4th Block, Jayanagar, Bangalore",4.1,Jayanagar,300.0,friends-hangout,No,"Chicken Lollipops,Chicken Burnt Garlic Rice,Chicken Thukpa,Momos,Noodles,Veg Balls in Manchurian Gravy,Veg Meal Combo,Veg Hakka Noodles,Veg Fried Rice,Pasta,Paneer Fried Rice,Paneer Manchurian,Schezwan Momos"
Thamboola,"1112, Next KIMS Medical College, 17th Cross, 2nd Stage, Banashankari, Bangalore",3.9,Banashankari,800.0,average,,"Baby corn tandoori,veg kheema gravy,Paneer Tikka,Cashew and Dhaniya Pulao,Soup,babykorn manchurian,panner recepie,veg kolapuri,butter naan,tandoori babycorn,tandoori aloo,veg biryani,butter kulcha"
Castle Rock,"1/2, Opposite Indian Oil Petrol Bunk, 1st Cross, Kaderanhalli Crossroad, Subramanyapura Main Road, Padmanabhanagar, Uttarahalli, Bangalore",3.6,Uttarahalli,700.0,friends-hangout,,"fish fingers,dragon chicken,chicken drum sticks,Biryani,prawn Manchurian"
Vietnamese Kitchen,"Pavanashree Nilayam, 7 Block, Banagirinagara, Banashankari, Bangalore",3.6,Banashankari,700.0,average,No,"burnt garlic rice,chicken red and green,chicken glass noodles soup,hot garlic fish,glass noodles,rice flour rolls,seafood soup,Red curry,jasmine tea,Chocolate Molten Lava cake,Vietnamese sandwich (Bah M),Vietnam kitchen noodles,chicken momos,mushroom and baby corn"
Smacznego,"2470, 21 Main Road, 25th Cross, Banashankari, Bangalore",4.2,Banashankari,550.0,friends-hangout,,"cheesy fries,Delicious pasta,loaded fries,white sauce pasta,cheesy loaded nachos,waffles,bubble tea,saucy fries,mixed cream pasta,green fries,spicy fries"
C Corner,"1328, 50 Feet Main Road, 1st Stage, Kumaraswamy Layout, Bangalore",3.2,Kumaraswamy Layout,200.0,,,"Peri peri twisto,white sauce pasta,corn cheese pizzas,nippat masala burger,sangam masala,Grilled sandwich with olives,veg n Olive sandwich"
Paratha Merchant,"31, 2nd Cross, Teacher's Colony, JP Nagar Post, Dayanand College Road, Kumaraswamy Layout, Bangalore",3.1,Kumaraswamy Layout,300.0,,,"Pulka dhal,aloo jeera,phulkas,dal,paratha,Missi roti,veg kohlapuri"
North Rasoe,"52, Dayanand Sagar College Road, Teachers Colony, Near ICICI Bank ATM, Bangalore East, Bangalore Urban Karnataka, Kumaraswamy Layout, Bangalore.",3.1,Kumaraswamy Layout,500.0,,,
Toscano,"359/38,Next to Fabindia, 7th Cross, 1st Block, Jayanagar, Bangalore",4.3,Jayanagar,1.3,excellent,,"Baked Jalapeos,Toscana Signature Goat Cheese Salad,Shiraz Rose Wine,Fettuccine with English Vegetables,Chicken Barbeque Pizza,Mozarella and zucchini fritti,Margherita pizza,Quattro formaggi,Sphagetti aglio olio,Farfelle con formaggio,broccoli soup,rustica pizza,spinach Risotto,crispy chicken,chocolate mousse dessert"
Lord Of The Kitchen,"Shop 197, Ground Floor, Gokul Niwas, North Main Road, Rajyotsavanagar, 2nd Stage, Kumaraswamy Layout, Bangalore",3.9,Kumaraswamy Layout,350.0,family-friendly,,"butter chicken,Maharaja thali,veg and non veg delicacies"
Stoned Monkey,"415, 9th Main, 24th Cross, 2nd Stage, Banashankari, Bangalore",4.3,Banashankari,500.0,excellent,Yes,"customised ice creams,Chocolate,milk shake,brownie chunks,Chocolate sticks,whip cream,Chocolate syrup,red velvet pastrie,Oreo cookie"
Central Jail Restaurant,"433/30/1, 28th Cross, 10th Main, Opposite BDA Complex, 4th Block, Jayanagar, Bangalore",3.8,Jayanagar,700.0,excellent,,"Paneer kohlapuri,schzwan baby corn,Prawn Hakka style fried rice,Red alert (A boneless chicken starter),Dragon Chopsuey,Butter Garlic Chopsuey,Veg Kofta,Garlic Naan,Chicken Kshatriya,Chicken Encounter,Tandoori Roti,Ghee rice,Lime soda"
Bella,"382/71/4, 11th Main, 3rd Block, Jayanagar, Bangalore",3.9,Jayanagar,1.0,family-friendly,,"prawn sukks,appam,chicken pulimunchi,neer dosa,sannas,prawns masala fry,Seer tawa fry,Chicken biryani,Ragi Manni,neer dosa/appam,paneer ghee roast,chicken ghee roast,pepper chicken,egg pakoda,fish fry,egg and chicken ghee roast,anjal masala fry,chicken sukka,egg appam,babycorn chilli"
Vennela Andhra Meals,"54, Sri Durga Avenue, 3rd Floor, 33rd Cross Road, Opp. Navarathan, Jewe, Jayanagar, Bangalore",3.0,Jayanagar,400.0,decent,,"chicken fry,garlic naan,butter roti,paneer tikka masala,steam rice"
New Prashanth Hotel,"2nd Floor, Garla Garnet, 9th Main, 4th Block, Jayanagar, Bangalore",3.6,Jayanagar,750.0,okay,,"Ragi balls,mutton chops"
The Grillo,"126, Near Ganesha Temple, 7th Main, 4th Block, Jayanagar, Bangalore",2.8,Jayanagar,500.0,normal,,"Neerdose,chicken Sukha,Sholay kebabs,chicken manchow soup,crispy chicken,mutton dum biriyani"
Re Malnad Nati Style Hotel,"6, Shakambari Nagar, 1st stage, JP Nagar, Bangalore",3.6,JP Nagar,400.0,,,"Malnad Kadubu,Malnad Akki Kadbu,Neer dhosa,fish gravy"
Karma Kaapi,"81, 36th Cross Road, 5th Block, Jayanagar, Bangalore",4.4,Jayanagar,250.0,friends-hangout,,"KARMA FRIES,corn bhel,red velvet latte,salted caramel latte,spicy potato wedges,cold brew,Vietnamese mango coffee,coffee bite coffee,iced caramel latte,charcoal latte,mocha,focaccia sandwich,Zucchini Pakoda,tangy cucumber bonda,focaccia paneer Sandwich,fries,garlic potato tots"
Tiwari's,"616/2, 31st Cross, 10th A Main Road, 4th block, Jayanagar, Bangalore",3.8,Jayanagar,200.0,,,"aloo paratha,gulaab jamun,lassi,aloo pyaz paratha,paneer paratha,samosa chat,Rajasthani masala paratha,Pani Puri,Dahi kachori,Dahi papdi chat,hot khova jamoon,Palak Paneer Paratha,curd,Pickle,green chutney,chettni"
Pizza Stop,"66/1, Kanakpura Road, Basavanagudi, Bangalore",3.8,Basavanagudi,600.0,,,"nachos with sauces,spaghetti pasta,pizzas,masala garlic bread"
Biggies Burger 'n' More,"173, DSI college Road, Kumaraswamy Layout, Bangalore",3.6,Kumaraswamy Layout,650.0,,,potato crunch burger
Srinathji's Cafe,"112, Bull Temple Road,next to more Basavanagudi, Bangalore",3.8,Basavanagudi,550.0,,Yes,"paneer,pastries"
Kollapuri's,"1, Corporation Market, Gandhi Bazar, Basavanagudi, Bangalore",3.9,Basavanagudi,450.0,bad,,"Biryani,Raja chicken,Masala chapathi,Mutton Keema gravy,plain biryani,Rasam"
Kadamba Classic,"Satellite Bus Stand, KSRTC, Mysore Road, Bangalore",3.6,Mysore Road,300.0,bad,,Dosa
RS Shiv Sagar,"5, Mallariah Complex, Near Corporation Bank, Gandhi Nagar, Basavanagudi, Bangalore",3.7,Basavanagudi,450.0,,,"rava idly,dava masala dosa,babycorn manchurian,falooda,Chats,dosas"
Kholi Mane,"144/1, 2nd Main Road, 2nd Block, Thyagaraja Nagar, Basavanagudi, Bangalore",3.6,Basavanagudi,450.0,bad,,"Chicken Hyderabadi,Chicken Roast,Fish Chilly,Sholay Kababs,Mutton Biryani,Chicken Biryani,Tandoori Chicken,Buthai Fry,Bangda Fry,Neer Dosa,Chicken Sukka"
Harshi Super Sandwich,"60/1, East Anjaneya Temple Road, Basavanagudi, Bangalore",3.8,Basavanagudi,150.0,bad,,Harshi special Sandwich
Cake Yard,"3/1 , Opposite Krishna Rao Park, Kanakapura Road, Basavanagudi, Bangalore",3.4,Basavanagudi,250.0,bad,,"Black Forest pastry,creamy chocolate,Honey almond cake,pastries,cookies"
Rosewood International Hotel - Bar  Restaurant,"19/1, New Timberyard Layout, Beside Satellite Bus Stop, Mysore Road, Bangalore",3.6,Mysore Road,800.0,family-friendly,,"Honey Lemon Chicken,Chicken Manchow Soup,Chicken grill"
Sri Udupi Veg,"335, KR Road, Shastri Nagar, Yediyur, Jayanagar, Bangalore",3.3,Jayanagar,250.0,,,
Cake Art,"1/A, 3rd Main, 7th Cross, Kattebalag, Narasimharaja Colony, Basavanagudi, Bangalore",3.5,Basavanagudi,400.0,,,"black forest,white forest,samosa,fried ground nuts,kodubale chakkali,Black Forest,Butter Scotch pastries,traditional cream cakes"
Potato House,"9, Canara Bank Colony, Opposite Chikkalsandra Post Office, Main Road, Uttarahalli, Bangalore",3.4,Uttarahalli,200.0,,,"Kachi Dabeli,Vada Pav,Sabu Vada,Aloo sandwich,vadapav,finger chip,nurgers"
Matru Sagar,"Sri Balaji Complex, 339/3, Kuvempu Nagar, Next to Bus Stand, Mysore Road, Bangalore",3.7,Mysore Road,300.0,family-friendly,Yes,"North Indian foods,Matru Sagar Special Ice cream,Puris,vadas,masala papas,Mushroom Manchurian,Mushroom fried rice,noodles"
Ugadi,"609, 10th A Main Road, 4th Block, Jayanagar, Bangalore",2.9,Jayanagar,700.0,bad,,"biryani,kababs,tandoori,seafood,Andhra chilli chicken,Chicken Supreme,Fry piece biryani,prawn biryani,chicken frypiece biryani"
Sri Krishna Sweets,"121, DVG Road, R.M Complex, Basavanagudi, Bangalore",3.7,Basavanagudi,250.0,,,"mysurpa,badam halwa,kai muruku,Mysore Pak,Fried Cashews,Cashew Burfi"
In Time Cane Juice,"119, 5th Cross, Teachers Colony, Kumaraswamy Layout, Bangalore",3.5,Kumaraswamy Layout,100.0,,,sugarcane juice
Subway,"186, 16th Main, 24th Cross, 2nd Stage, Banashankari, Bangalore",3.7,Banashankari,600.0,good,,Subs
Daal Roti,"139, Behind Police Station, 72nd Cross, Kumaraswamy Layout, Bangalore",2.9,Kumaraswamy Layout,250.0,bad,,"veg mumtaz,veg malai,veg hariyali,chicken kassa,4 roti combo,egg curry,Noodles"
The Lassi Park,"22nd Cross, New Diagonal Road, Opposite N MKRV Womens College, 3rd Block, Jayanagar, Bangalore",4.1,Jayanagar,200.0,friends-hangout,,"kulfi,brownie sizzler,falooda,chocolate sizzler,fruit salad with ice cream,Royal falooda,lassi,hot chocolate fudge sizzler,Lichi Shake,falooda,fruit salad with ice creams,Watermelon juice"
Cafe Coffee Day,"28th Main, 8th Block, Jayanagar, Bangalore",3.2,Jayanagar,900.0,friends-hangout,,"Tropical iceberg,Vanilla Cafe Latte,hot king cappuccino,green Apple tea,tawa pizza,Strawberry Pom Smoothie,Cool Blue,Crunchy Frappe,Classic Lemonade"
A2B - Adyar Ananda Bhavan,"153, Satellite Bus Stand, Byataranyapura, Mysore Road, Bangalore",3.8,Mysore Road,400.0,,,"sambar,dosas"
Srikrishna Bhavan,"Next To BMTC Bus Stand, Banashankari, Bangalore",3.8,Banashankari,300.0,excellent,,
Timepass Dinner,"37, 5-1, 4th Floor, Bosco Court, Gandhi Bazaar Main Road, Basavanagudi, Bangalore",3.8,Basavanagudi,600.0,family-friendly,,"soups,babycorn starters,butter naan,kadai panner,veg kohlapuri,pease pulav"
Green Gardenia,"376, 1st Floor, Tripura Arcade, MK Puttalingaiah Road, Above SBI Bank, Banashankari, Bangalore",3.8,Banashankari,700.0,,,
J Spice,"632/A, 24th Cross, 2nd Stage, Banashankari, Bangalore",3.8,Banashankari,750.0,ok,,butter chicken
Karavali Family Restaurant,"13, 27th B Cross, 10th Main, Opposite BWSSB Water Tank, Geetha Colony, 4th Block, Jayanagar, Bangalore",3.5,Jayanagar,500.0,,,"chicken biryani,south India meals"
Karavali Lunch Home,"1779, 14th Main, Kumaraswamy Layout, Bangalore",3.7,Kumaraswamy Layout,350.0,excellent,,"Chicken Biriyani,Silver Fish Fry,Egg masala,Bangada Masala fry,chicken sukka,neer dosa,egg curry,Prawn Ghee Roast,Neer Dosa,Anjal Rawa Tawa,Bangda,chicken ghee roast,Kundapura chicken with neer dosa,egg bhurji,prawns,squid Sukka,fish thali,prawn sukka"
Hatti Kaapi,"126, Opposite Police Station, 7th Main, 4th Block, Jayanagar, Bangalore",4.0,Jayanagar,200.0,friends-hangout,No,"filter coffee,Mysuru coffee,Badam Milk,Samosas,Banana Cakes,Mini Idli,Regular Idli Sambhar,Hazelnut Cold Coffee,Bisi Bele Baath"
Kolkata Kathi Roll's,"2/1,7th Main, Dwarakangar Hosakerehalli, Banashankari, Bangalore",3.6,Banashankari,250.0,bad,No,"egg paneer rolls,veg roll,chicken roll,egg chicken roll,gobi roll"
Upahara Darshini,"9/2, South End Main Road, Next to Surana College, Basavanagudi, Bangalore",3.9,Basavanagudi,600.0,excellent,Yes,"Bharjari Oota,Masala Dosa,Pulav,Vegetable rice,White rice,Sambar,Rasam,Curd rice,Tomato soup,Kharjoora obattu,Pineapple chutney,Kosambari,Corn salad,Tondekai palya,Fryums,Ice cream,Idly,Dosas,Poori Sagu"
The Chaat Shop,"11/4, Old Market Road, V V Puram, Basavanagudi, Bangalore",2.5,Basavanagudi,200.0,,,
Anda Ka Funda,"433/30/1, 10th Main, 28th A cross, 4th Block, Jayanagar, Bangalore",3.4,Jayanagar,250.0,bad,,"cheese paratha,Sattu paratha,Aloo paratha,egg rice,Gobi Manchurian,Chicken biryani,butter chicken"
Shri Vinayaka Ice N Juice,"14/38, Shivakrupa, 1st Model House Street, Near Nagasnadra Circle, DVG Road, Basavanagudi, Bangalore",3.2,Basavanagudi,150.0,,,"Pani puri,dahi puri,masala puri,gobi,Bhel puri,lime soda,Veg Sandwich,Samosas,Mosambi juice"
My Tea House,"224/Y, 4th Phase, 7th Block, 100 Feet Ring Road, Near Kamakya Theatre, Banashankari, Bangalore",3.6,Banashankari,600.0,friends-hangout,,"tea,saffron tea,cranberry tea"
Ibaco,"147, 27th Cross, 3rd Main, 6th Block, Yediyur, Jayanagar, Bangalore",3.9,Jayanagar,300.0,excellent,,icecream
Jalaram Sweets,"202F, 27th Cross Road, Opposite Sapna Book House, Jayanagar, Bangalore",3.8,Jayanagar,250.0,,No,"Khandvi,Khaman,Vadapav,Dabeli,Jalebi,White dhokla,Samosa,Kachori,Fafda,Pav,Rasmalai,Papaya chutney,Dhokla,Khakra,Bhakarwadi,Wafers,Khari puffs,Chips,Samosas,Ghee Jalebi,Bhakarwadi Soft Pav,Undhiyu,Thepla,Pulka,Gulab jamuns"
Samskruti - Sanman Gardenia,"2, Ashoka Pillar Circle, 2nd Block, Jayanagar, Bangalore",4.1,Jayanagar,550.0,excellent,,"Salads,3 different Gravies,Noodles,Pasta,Rice Items,Desserts,Bread/Roti"
Bendakaluru Bytes,"1349, 4th Cross Road, Kilkodungalur, RPC Layout, Vijay Nagar, Bangalore",3.2,Vijay Nagar,300.0,,,"panner chilli,butter fruit milkshake,Masala Puri,Gobi Manchurian,Baby corn Manchurian,green chillie cheese sandwich,Dahi poor,pav bhaji,chocolate sandwich,corn sandwich"
Cocoa Bakes,"2466, 24th Cross Road, Siddanna Layout, Stage II, Banashankari, Bangalore",3.6,Banashankari,350.0,,,"mini macron's,red velvet cake,fruit cake,butterscotch"
Chumma Delicious,"412, 1st Cross, Vidyapeeta Road, 3rd Stage, Banashankari, Bangalore",3.7,Banashankari,200.0,good,,tiffin
New Prashanth Hotel,"43/2, 100 Feet Road, Kamakya Complex, 3rd Stage, Banashankari, Bangalore",3.9,Banashankari,650.0,,,"mudde with two kinds of curry,chicken kabab,mutton Keema balls,mutton chops"
Dwaraka Grand,Near dayananda sagar college kumarswamy layout,3.9,Kumaraswamy Layout,500.0,friends-hangout,,"Coffee,masala dosa,kodabu,mysore masala dosa"
Gufha - The President Hotel,"The President Hotel, 79/8, Diagonal Road, 3rd Block, Jayanagar, Bangalore",4.1,Jayanagar,1.2,excellent,,"Briyani,Afghani ghost biryani,chaat,chicken tikka,mushroom pepper fry,chana stuffed paratha,afgani biriyani,paneer gravy,Apollo fish,pahadi kebab,afghani dum subzi biryani,laccha panner jaali,Murgh jalferzi,qubani ka meeta,kebabs,rumali roti,paneer tikka,Butta kalimirch,Ruzwali kabab,Achari paneer,Afghani sabzi,vegetable Sheekh kabab,cream of tomato,baby-corn til starter,achari panneer thikka,hot chocolate fudge"
Cafe Vivacity,"2303, 21st Cross, K R Road, 2nd Stage, Banashankari, Bangalore",3.8,Banashankari,650.0,excellent,Yes,"filter coffee,french fries,brownie with ice cream,Potato Wedges,Corn n Cheese Garlic Bread,KitKat Milkshake,Belgian Waffle with Icecream,Red Velvet Cupcake"
Tanna's Kitchen,"#72, 3rd Cross DSI Road, Teachers Colony, Kumaraswamy Layout, Bangalore",3.1,Kumaraswamy Layout,250.0,friends-hangout,,"veg fried rice,Paneer Manchurian,complimentary foods and drinks,chicken"
Shree Mandarathi Grand,"8/10, Subramanyapura Main Road, Near Royal Mart, Uttarahalli, Bangalore",3.7,Uttarahalli,400.0,,,
Mojo Pizza - 2X Toppings,"287, 1st Floor, 7th Block, 100 Feet Ring Road, Phase 4, Banashankari, Bangalore",4.2,Banashankari,600.0,,,"Cheese garlic bread,Garlic Breadsticks + cheesy dip,Chicken full smash,Double Cheese Margarita,Tex max special pizza,Chicken keema pizza,BBQ chicken pizza,BBQ Chicken pizza,Fire me up,Smoky Joe,Paneer tikka,Mediterranean pizza,Smokey Joe,Farm Fresh,Crowded House,Meat eater pizza,Spicy paneer pizza,Choco lava cake,Chocolate lava cake,American bbq chicken wings,Indian tandoori chicken wings,Paneer tikka cheese blast pizza,Pepperoni and cheese,Half and half pizza,Exotic Cheese Garlic Bread"
Iceberg Icecreams,"23/1, Shop Street Road, Basavanagudi, Bangalore",4.0,Basavanagudi,250.0,excellent,,"Strawberry,KitKat,Choco Vanilla,Mixed Berry,Kala Jamoon Rolls,Almond cake,Chocolate butter,jelly belly,Nutty fudge,fruits sundae,dark chocolate belgian scoop,chocolate ice-cream,butter scotch,Dry fruit,chocolate choco chip,vanilla flavored ice cream"
South Kitchen,"1st Main Road, Near Katte Balaga, NR Colony, Basavanagudi, Bangalore",4.3,Basavanagudi,100.0,excellent,,"Vada,Chutney,Shavige Bath,Idli,Kharabath,Avalakki,Khara Bhath,Kesari,Filter Coffee"
Chung Wah,"63, 18th Cross, 3rd Block, Jayanagar, Bangalore",3.7,Jayanagar,850.0,bad,,"American sweet corn soup,veg corn soup,chicken wings,chicken fried rice"
Shanthi Sagar,"24, Subramaniapura Main Road, Uttarahalli, Bangalore",3.1,Uttarahalli,400.0,,,"bhel puri,masala puri,paneer manchurian,Northern Indian food,Roti,Dal"
Millet Mama,"Next To Surana College, South End Circle, Basavanagudi, Bangalore",3.9,Basavanagudi,200.0,excellent,,"dosa,dessert favoured rice,vada,kosambri,millet laddu,millet bisi bele bath,millet halwa"
Bangarpet Chat Express,"318, Old market Road V.V.Puram, Basavanagudi, Bangalore",3.3,Basavanagudi,100.0,,,"pani puri,masala Puri,choc sandwich"
Prems Graama Bhojanam,"234, 32 A Cross, 2nd Main Road, 7th Block, Jayanagar, Bangalore",4.3,Jayanagar,400.0,excellent,,"Thatte Idly,Millet Paddy,Jolada Roti,Navane Rawa Dosa,Benne Masala Dosa,Coconut Jaggery Dosa,Shunti Kashaya,Majjigae,Executive Millet Thali,masala vadai,millet pulao,Kesari/sheera,millet thali,curd rice,jaggery matka kulfi,Pesarattu,Raggi Mudhae,Millet Rawa Onion Dosa,Sambar Rice,Idly,Sweet Pongal,Chapati Oota,Mudde Oota,Benne Masal Dosa,Ragi Masal Dosa,Jwar Roti,Ghee Roast Dosa,Moong Dal Payasam,masala red rice dosa,sweet potato paliya"
Java City,"63/2, 8th Main, 18th Cross, 3rd Block, Jayanagar, Bangalore",2.6,Jayanagar,450.0,bad,,"coffee,hot chocolate"
Kamat Bugle Rock,"1, 5th Main Road, Bull Temple Road, Basavanagudi, Bangalore",3.9,Basavanagudi,300.0,family-friendly,Yes,"chilly bhajji,holige,jowar roti,brinjal curry,lentil curry,green leafy sabji,raita,rice,rasam,sambar,curd,Mix veg,palak,tomato soup,Veg kolapuri,mushroom masala,ghee rice,Special Roti oota"
Woodee Pizza,"3353, 2nd Cross, Opposite Auden School, Hoskerehalli Cross, 3rd Stage, Banashankari, Bangalore",3.7,Banashankari,500.0,,,"Hot Golden Cake Pizza (Pineapple, Corn and Jalapeos),Jalapeo Garlic Bread"
Puliyogare Point,"81, East Anjaneya Street, NR Colony, Near Basavanagudi, Basavanagudi, Bangalore",4.2,Basavanagudi,100.0,bad,,"puliyogare,Sakkare Pongal,Akki Rotti,Mini Idli Sambar,Ambode,Kanchipuram Idli,Ragi Dosa,Vangi bath,sweet Pongal,khichdi,Medu dosa,khali dosa,Curd rice"
Bangalore Agarwal Bhavan,"36/1, 27th Cross, 4th Block, Jayanagar, Bangalore",3.9,Jayanagar,400.0,bad,Yes,"lemon coriander soup,crispy corn,aloo anaar,Cooker biriyani,jalebis,Raj Kachori,Tawa Pulao,cheese dosa,Schezwan dosa,Pav bhaji"
Rustic Stove,"13, 32nd Cross, 7th Block, Jayanagar, Bangalore",3.8,Jayanagar,900.0,family-friendly,No,"Murgh Banjara Chicken,Rustic Andra Chicken Curry,Pot Biryani,Bamboo Biryani,Butter Naan,Butter Chicken,Dragon Prawns,Bhindi Masala,Honey Chilli Potato,Creamy Cheese Pasta,Bamboo Chicken Dum Biryani,Sholay Chicken,Chilli Pepper Mushroom,Babycorn Chilli,Capsicum Stuffed with Paneer,Dal Khichdi,Bamboo Veg Biryani,Schezwan Noodles"
Udupi Ruchi Grand,"6th Block, 3rd Stage, Banashankari, Bangalore",4.2,Banashankari,200.0,excellent,,"bhel puri,Pav bhaji,paneer tikka masala"
De Thaali,"137/4, 8th Main Road, 27th Cross, Jayanagar, Bangalore",3.9,Jayanagar,550.0,friends-hangout,,"afghani chicken,butter chicken,chicken manjurian"
Spice Elephant,"2nd Floor, 80 Feet Road, Near Big Bazaar, 6th Block, Kathriguppe, 3rd Stage, Banashankari, Bangalore",4.1,Banashankari,800.0,family-friendly,,"Chicken biriyani,Mutton biriyani,Thom yum Thai soup,roti,vilaythi paneer,burnt garlic fried rice,panner curry,gulab Jamun,chocolate cake,paneer uttar dakshin,paneer kurchan,Gobi hara pyaz,mix veg"
Just Thindi,"27, Gandhi Bazaar Main Rd, Basavanagudi, Bangalore",3.6,Basavanagudi,200.0,,,"rice bath,masala dosa"
Matru Sagar,"Shubashree Complex, 50 Feet Road, 1st Stage, Hanumanthanagar, Near Girinagar, Banashankari, Bangalore",3.6,Banashankari,250.0,friends-hangout,,"Masala dosa,coffee,north indian thali,chinese manchurian,Paneer chilly,roti,Kaju masala,paneer butter masala,Idlis,pav bhaji,masala puri,Idly Sambar,gobi manchuri,baby corn manchuri,Paneer Butter Masala,idlis,dosas,bonda soup,kesari,kharabath,carrot halwa,kaashi halwa,bondas,bhajjis,sandwiches,milkshakes,ice creams,Manchurians,fried rice,chat items"
Vasanth Vihar - Since 1965,"78, Nagendra Block, Giri Nagar, II Phase, Banashankari,Bangalore",3.6,Banashankari,150.0,,,"wheat pongal,Udupi style kotte kadubu,uppittu"
Sea Spice by 7 Star,"1890, Shetty Gardenia, 9th Main, Kaverinagar, 2nd Stage, Banashankari, Bangalore",4.0,Banashankari,1.2,family-friendly,Yes,"prawn ghee roast,krab masala,kori roti,chicken gravy,appam"
Desi Dawat,"1328, 50 Feet Road, Stage 1, Kumaraswamy Layout, Bangalore",3.7,Kumaraswamy Layout,400.0,bad,,Triple schezwan fried rice
Cafe Aira,"23, Kanakapura Road, Near SRS Petrol Pump, Lalbagh West Gate, Basavanagudi, Bangalore",4.1,Basavanagudi,500.0,excellent,,"Jalapeno poppers,Alfredo pasta,Schezwan rice,pizza pocket,classic nachos,veg cheese pasta,mojito,falafel sandwich,Blue Curacao,pastas,fries"
Penthouse Cafe,"1, 30th Main Road, 3rd Stage, Banashankari, Bangalore",4.0,Banashankari,700.0,friends-hangout,,"Veg Steak,pasta,pizza,sizzler,chicken burgers,Nachos Cheese Salsa,BBQ Chicken Grilled Burger,Jalapeno Cottage Cheese Burger,Nutella shake,hot chocolate,Garlic bread,Cheese balls"
Mast Punjabi,"534, 49th Cross, 50 Feet Road, Kumaraswamy Layout, Bangalore",2.6,Kumaraswamy Layout,400.0,bad,,"Maharaja thali,puri sabzi,Chola bhatura,Punjabi food"
South Grand,"23, 7th Main, KSRTC Layout, Chikkalsandra, Main Road, Uttarahalli, Bangalore",3.4,Uttarahalli,400.0,good,,"Veg pepper masala,paneer fry"
Catch-up-ino,"241, 4th Floor, 100 Feet Ring Road, Opposite Kamakya Theatre, Banashankari, Bangalore",3.9,Banashankari,800.0,bad,,"hookah,masala french fries"
The Pizzeria,"1112, 30th Main,Teachers Layout, Next to SBI Bank, 3rd Stage, Banashankari, Bangalore",2.8,Banashankari,800.0,friends-hangout,,few selected pizzas
Cafe Zone,"2nd Cross, JHBCS Layout, Kumaraswamy Layout, Bangalore",3.9,Kumaraswamy Layout,300.0,,No,Hyderabadi Biryani
Ruchis Point,"186, 24th Cross, 2nd Stage, Banashankari, Bangalore",3.8,Banashankari,200.0,friends-hangout,No,"Paneer Manchurian,Mushroom Fried Rice,Gobi Manchurian,Aloo Twist,Chinese items"
Firangi Bake,"8th Main Road, Remco Bhel Layout, Ideal Homes Township, Rajarajeshwari Nagar, Bengaluru",4.0,Rajarajeshwari Nagar,600.0,,,"Bombay masala quesadilla,Corn and pimento lasagne,Chicken kheema Quesadilla,Minced chicken Lasagna"
The Royal Corner - Pai Viceroy,"Pai Viceroy, 1504, 16th Cross, 9th Main, 3rd Block, Jayanagar, Bangalore",4.2,Jayanagar,900.0,good,Yes,"Mixed fruit juice,vanilla milkshake,Cupcakes,slice cake,veg sandwich,cut fruits,Idli,vada,tomato chutney,coconut chutney,Cheese garlic balls,Chole,bhatura,Baked beans,Moong dal halwa,plain dosa,masala dosa,paneer Afghani Tikka,Rajasthani roti,stuffed paratha,garlic naan,Bhutta palak,Corn Pulav"
Hara Fine Dine,"2465, 2nd Floor, Opposite BDA Complex, 24th Cross, 2nd Stage, Banashankari, Bangalore",4.0,Banashankari,800.0,bad,No,"crispy fingers,tandoor items,manchow soup,veg crisp,crispy corn,paneer satay,ghee pulkas,veg makhanwala"
Chocoberry,"30, 8th F Main Road, Jayanagar, Bangalore",3.5,Jayanagar,400.0,,,
Dakshin Grand,"2, Subramanyapura, Kadirenahalli Overbridge Junction, 2nd Stage, Banashankari, Bangalore",3.0,Banashankari,300.0,,,
Sandwichwallas,"278, 37th A Cross, 2nd Main, 8th Block, Jayanagar, Bangalore",3.7,Jayanagar,200.0,,,"chilli garlic rice,white sauce pasta,pan pizzas,garlic bread,sandwich"
Chai Mane,"17,Bull Temple, Road, Basavanagudi, Bangalore",3.6,Basavanagudi,150.0,friends-hangout,,"mayonise sandwich,burger,chocolate tea,Oreo shake,French fries,chocolate ice cream,sandwiches,masala chai,lassi,milkshake,Vada Pav,Ginger Chai"
SLV Upachar,"1328, 50 Feet Road, Kumaraswamy Layout, Bangalore",3.1,Kumaraswamy Layout,250.0,,,
Waffle-A-Go Go,"599, 24th Cross, 2nd Stage, Banashankari, Bangalore",3.9,Banashankari,400.0,,,
Cross Road Cafe,"671,45th Cross, 8th Block, Near Metro Pillar EP 22, Jayanagar, Bangalore",3.9,Jayanagar,300.0,,,
Anand Donne Biriyani,"644, 1 B, Main Road, Kanakapura Road, 8th Block, Jayanagar, Bangalore",3.6,Jayanagar,200.0,bad,,"biriyani,chicken,starters"
Seven Star,"23/35, 7th Cross, Dwarakanagar, Hosakerhalli, Banashankari, Bangalore",3.4,Banashankari,250.0,,,
Stop 'N' Joy,"30, 7th Cross, Dwaraka Nagar, Banashankari, Bangalore",3.8,Banashankari,150.0,friends-hangout,,"bun samosa,cold coffee,bread omelette,banana shake,Oreo shake,cheese Maggi,Capsicum sandwich,All variants of bun samosa"
Sri Yaksha Shiv Sagar,"940, 20th Main, Opposite South Entrance, BDA Complex, Banashankari, Bangalore",3.6,Banashankari,600.0,friends-hangout,,"dal kichadi,faluda,Hyderabadi briyani,Kasmiri briyani,Paneer fried rice,Chinese rice,North Indian currys,soup,palak fried rice,butter naan"
Fudge,"Sri Chakravarthi Complex, Sajjan Rao Circle, V.V. Puram, Basavanagudi, Bangalore",3.8,Basavanagudi,200.0,friends-hangout,,"OMG Sundae,Veg Momos,Chocolate fudge,Nachos,Oreo Milkshake,Brownie Fudge"
Just Bunny,"45, 6th C Main Road, 4th Block, Jayanagar, Bangalore",3.5,Jayanagar,200.0,cozy,,"curries,Rajma curry,bunny chow,paneer,Rajma,soya chunks"
Bakers Town,"269, JHBCS Layout, 2nd Main Road, Teacher's Colony, Kumaraswamy Layout, Bangalore",3.8,Kumaraswamy Layout,650.0,excellent,,"chicken nuggets,zinger burger,Cesar salad"
Shree Mahalakshmi Sweets,"344, 50 Feet Road, Dasarhalli, Srinagar, Banashankari, Bangalore",3.2,Banashankari,100.0,,,
Kaapi Kendra,"278, 34th Cross Road, 4th Block, Jayanagar, Bangalore",3.7,Jayanagar,100.0,,,"filter coffee,sweet and salt cookies"
Ivy,"1616, 50 Feet Main Road, 1st Stage, Kumaraswamy Layout, Bangalore",3.8,Kumaraswamy Layout,600.0,,,"grill chicken,shawarma,lollipop,Paneer tikka,paneer butter masala,mushroom masala,veg fried rice,schezwan veg fried rice,roti"
The Airos,"22, 2nd Main Road, National College Road, 7th Block, Jayanagar, Bangalore",4.1,Jayanagar,650.0,excellent,,"Garlic bread with cheese,Pesto Melody pizza,Lasagna a la Mexicana,Choco mug with vanilla ice cream,Coffee,Sandwiches,Tomato Soup,Cheese Balls,Nuggets,Pasta,Mushroom cheese bombs,Arrabiata,Alfredo,Aglio Olio,Classic Margarita Pizza"
Chai Kraft,"146, 6th C Main Road, 1st Block, Jayanagar, Bangalore",4.1,Jayanagar,100.0,friends-hangout,,"Ginger Chai,masala Chai,Cranberry ice tea,upma,puff,Maggie noodles,Purple tea,Dum chai,Banana Cake,Dhabeli"
Kirthi's Biryani,"405, 24th Cross, 9th Main, 2nd Stage, Banashankari, Bangalore",3.8,Banashankari,700.0,,,pizza
South Point Pub,"54, Rashtriya Vidyalaya Road, 2nd Block, Basavanagudi, Bangalore",3.4,Basavanagudi,800.0,friends-hangout,,"Masala papad,baby corn manchuri"
The Trundle,"34/1, 2nd & 3rd Floor, 36th Cross, 6th Main, 4th Block, Jayanagar, Bangalore",3.7,Jayanagar,700.0,excellent,,Dum murgh - cheesy chicken served in matka
The Krishna Grand Xpress,"183/28, 2nd Main Road, 36th B Cross, 7th Block, Jayanagar, Bangalore",4.0,Jayanagar,350.0,good,,"Arabian pulpy juice,vada,Chutney,sagu masala,pepper paneer,Mushroom Curry,Masala Dosa,pomegranate juice"
Sri Krishna Darshini,"60/2, Sajjan Rao Circle, V V Puram, Basavanagudi, Bangalore",3.1,Basavanagudi,200.0,,,"gobi manchurian,filter coffee,idly,bisibele bath,kadai paneer,naan,butter naan,Butter Naan Curry,Puri"
Shringar Sweets  Snacks,"12, Ground Floor, R V Road, Near Southend Metro Station, Basavanagudi, Bangalore",3.5,Basavanagudi,200.0,excellent,,"Gulab Jamun,dosa,Jalebi,sandwiches,Kaju Katli,carrot halwa,Bombay styled pav bhaji,Chinese sandwich,Russian sandwich,spinach corn sandwich,HOT JILABI"
Udupi Grand,"49, South End Road, Nagasandra Circle, Basavanagudi, Bangalore",3.8,Basavanagudi,300.0,excellent,No,"Avarekalu dosa,Udupi grand tea,Dosa Avarekalu,Coconut chatni,vegetable Biryani,Palak paneer,pulao,Masala Dosa,Akki rotti,shavige,Rava Dosa,Vegetable Sagu"
Ganesh Grand,"91/1, Ganesh Mahal Building, Sirsi Road, Chamarajpet, Basavanagudi, Bangalore",3.7,Basavanagudi,300.0,family-friendly,,"Baby Corn Manchrian,Butter Naan,Kulchas,Veg Kohlapuri,Tawa Pulav"
Shreyas Upahar  Burger Point,"Jain Temple Street, V.V.Puram, Basavanagudi, Bangalore",3.0,Basavanagudi,200.0,,,"idly,vada,variety of rice,Ragi ball,mudde,chapatti meals,variety of payasa,maharaja burger"
Coffee Tindi,"27th Cross Rd, Banashankari Stage II, Banashankari, Bangalore",3.8,Banashankari,200.0,,,"sambar,idli,Kesari bath,set dosa,Rava dosa,masala dosa,south meals,Paneer in green pepper sauce,baby corn lollipop"
Little Cafe,"21,National High School Road,VV Puram, Basavanagudi, Bangalore",3.7,Basavanagudi,600.0,friends-hangout,,"rose the magic (shake),Maggi,pizza,grill sandwich"
Mumbai Badam Milk  Lassi Center,"11/3, Old Market Road, V V Puram, Basavanagudi, Bangalore",3.6,Basavanagudi,100.0,,,"chocolate kulfi,pista kulfi,mango kulfi,custard falooda ice cream,kesar lassi,gulab jamoon,kajar halwa,ghulkand,Malawi,anjeer kulfis,rabdi,Doodh pheni,Rabdi-Jalebi,Rose Milk,Rasmalai,chocolate mint,dark chocolate,Badam Milk,Pheni"
Sri Krishna Sagar,"22nd Cross, 22nd Main Road, 2nd Stage, Near BDA Complex, Banashankari, Bangalore",3.2,Banashankari,400.0,,,"dal fry,roti,Paratha,Paneer Kadai,mushroom masala"
Mylari Biryani Family Restaurant,"198, 2nd Block, 3rd Stage, Outer Ring Road, Banashankari, Bangalore",3.7,Banashankari,400.0,,,"mutton biriyani meal,chicken biriyani meal,biriyani kabab"
1980s Games Cafe,"63, 1st Floor, Kanakapura Road, Basavanagudi, Bangalore",3.4,Basavanagudi,400.0,friends-hangout,,"Maggi,Paneer Starters"
Kadala Tarangaa,"27, 27th Cross, 1st Floor, Kadamba Complex, 2nd Stage, Banashankari, Bangalore",3.6,Banashankari,600.0,bad,,"Fish Anjal,Bangda,Mutton Fry,Chicken Tandoori,Chilli Chicken,Baby Corn Manchurian,Ghee Roast with Neer Dosa,Chicken Biryani,Fish Meal"
Namma Biryani,"1111, Near KIMS, 30th Main Road, Siddanna Layout, Stage 2, Banashankari, Bangalore",3.6,Banashankari,250.0,bad,,"briyani,non veg items,grill chicken,porattas,chicken combo thali"
Nandhanu's Rasoi,"Dayanandasagar College Road, Teachers Colony, Kumaraswamy Layout, Bangalore",3.0,Kumaraswamy Layout,400.0,,,
Hotel Pork Paradise,"D/25, 2nd Main, 260 Mysore Road Tollgate, Opposite Gopalan Mall, Mysore Road, Bangalore",3.7,Mysore Road,300.0,family-friendly,,"pork fry,pepper dry,chilli,egg burji,egg masala,Coorg Style Fried Pork,Akki Rotti,Pork Chilli"
As On Fire,"75, 21st Main Road, Siddanna Layout, 2nd Stage, Banashankari, Bangalore",3.5,South Bangalore,400.0,friends-hangout,,"Masala Madness Pizza,chocolate shake,magic mushroom,non veg starters,veg starters,BBQ,thin crust pizza,Chicken Drumsticks,wood fire pizza"
J K Fish Land,"272, 14th Cross Road, Yediyur, Jayanagar, Bangalore",3.6,Jayanagar,300.0,,,"squid ghee roast,boiled rice,karavali style food,Mangalore style food"
Curry Leaves,"15, 1st Main, Kariyappa Road, Basavanagudi, Bangalore",4.1,Basavanagudi,800.0,family-friendly,Yes,"anjal masala fry,prawn ghee roast,prawn ghassi with kori roti,chicken malai tikka,crispy corn,anjal tawa fry,Mangalore style prawn ghassi with neer dosa,malai chicken tikka,mushroom ghee roast,deewani handi,Nilgiri Murgh,Mutton Chop Masala,Gadbad,gulab jamun,Brownie,prawns ghee roast,Methi Malai Mutter,Gudbud ice cream"
Lassi Shop,"742, 50 Feet Rd, Raghavendra Block, Banashankari 3rd Stage, Banashankari, Bangalore",3.5,Banashankari,300.0,,,"Falooda,fruits with ice cream"
Magic Meals,"50/51, 8th F Main, 3rd Block, Jayanagar, Bangalore",3.7,Jayanagar,400.0,friends-hangout,,"kabab,egg roll,Chicken roll,biryani,fish meals,jackfruit thick shake,natural tender coconut ice cream,Baby Corn Manchurian Sandwich,kheema sandwich,mango ice cream"
Desi Cream Junction,"7th Main Road, 4th Block, Jayanagar East, Bangalore",3.7,Jayanagar,650.0,excellent,,"tomato shorba,cheese veggie rolls,jeera rice with papad gravy,palak halwa,Garlic fried rice,Tu cheese badi hai mast mast,Veg Manchow soup,desi garlic bread,Veg bhartha,Okra made with potato and bhendi,Subji Paneer multani rara,Paneer,Palav,Biryani"
Drunken Monkey,"1424, 14th Main Road, 1st Stage, Kumaraswamy Layout, Bangalore",3.8,Kumaraswamy Layout,400.0,excellent,,"kiwi shake,nutty shake,pure Nutella shake,coffee brownie,nutcase,almond chocolate,red velvet shake,spinach corn sandwich,yummy shakes"
Ruchi's Corner,"186, 24th Cross, 2nd Stage, Banashankari, Bangalore",2.7,Banashankari,200.0,,,
Tandoori Bytes,"16, Sri Banashankri Arcade, Opposite GSI Building, Kumaraswamy Layout, Bangalore",3.6,Kumaraswamy Layout,700.0,decent,,"Kheema paratha,Biryani,Chicken Tikka roll"
Bangalore Donne Biriyani,"52 ,Dayanad Sagar College Road, Teachers Colony, Kumaraswamy Layout, Bangalore",3.2,Kumaraswamy Layout,300.0,,,
SGS Non Veg - Gundu Pulav,"57, Kadirenahalli Road, Banashankari, Bangalore",3.8,Banashankari,400.0,,,"chicken biryani,non spicy Pulav,pulav,pepper salt,Fish kabab"
Keventers,"2465, 24th Cross, 2nd Stage, Banashankari, Bangalore",3.7,Banashankari,400.0,,,hazel nut shake
Navi Food Point,"142/1,Surveyor Street, Gandhi Bazaar, Basavanagudi, Bangalore",3.6,Basavanagudi,200.0,,,"Tawa Pulao,Pav Bhaji,mouth-watering snacks"
Shawarma Inc,"32, 22nd Cross, 22nd Main, 2nd Stage, Near BDA complex, Banashankari, Bangalore",3.1,Banashankari,250.0,bad,,"shawarma plate,SI Special shawarma plate"
The Cafe Nuts and Bolts,"83/5,4th Cross. 50 Feet Road,1st Stage, Kumaraswamy Layout, Bangalore",3.0,Kumaraswamy Layout,500.0,friends-hangout,,"chicken kebabs,pastas"
AM WOW,"615, Janardhan Mansion, 32nd D Cross Road, 10th C Main Road, 4th Block, Jayanagar, Bangalore",3.4,Jayanagar,100.0,,,Madurai Jigarthanda
Lalbagh Grand,"1, Krishna Rao Road, Basavanagudi, Bangalore",3.0,Basavanagudi,250.0,,,"Rava Idly,Khara bath,Bonda soup,tea,raagi malt"
Funjabi Curries,"476, 2nd Floor, 9th Cross, Avalahalli, Banashankari, Bengaluru",2.9,Banashankari,500.0,,,
Eat Repeat,"13, 4th Cross Road, NR Colony, Basavanagudi, Bengaluru",3.9,Basavanagudi,150.0,decent,,"Sweet Pongal,Rice-Majjigehuli,Puliyogare,Masala Majjige,ambode,khara pongal"
Salut,"382/71/4, 11th Main, 3rd Block, Jayanagar, Bangalore",4.1,Jayanagar,1.2,excellent,,"French fries,Veggie Bell pepper Pizza,Penne Alfredo,prawn pudina ghee roast,Caribbean chicken rice,pesto pizza,Stir fried prawns"
Nammura Donne Biriyani,"84/1, South End Road, Basavanagudi, Bangalore",3.5,Basavanagudi,400.0,friends-hangout,,"NaatiStyle Biryani,Chicken leg,Nati Style Biryani,Breakfast combos,Biryani,Special dry chicken"
Lassi Stop,"11,12, 80 Feet Road, Behind Reliance Fresh, Banashankri, Bangalore",3.4,Banashankari,150.0,,,"Lassi,mud coffee,faluda ice Cream,french fries,moheto,aloo tikki,death by chocolate crispy corn"
Dakshin Kitchen,"Kabirmutt Road, Gavipuram Extension, Basavanagudi, Bangalore",3.6,Basavanagudi,100.0,,,"Tomato shavige bath,Uli avvalakki,Navane bath,khara bath,sweet bath,Idli,coffee,millet pongal,chutney,Kara bhaath,Hakka Chinese starters,fried rice,noodles"
Sri Sai Cafe,"117, Govindadappa Road, Gandhi Bazar, Basavangudi, Bangalore",3.5,Basavanagudi,200.0,excellent,Yes,"dosa,Vada,sambar"
Sri Sai 99 Variety Dosa,"Near Reliance Trends, 1st Cross, 3rd Phase, Banashankari, Bangalore",3.8,Banashankari,300.0,,,"Sweet Corn Schezwan Dosa,Golmaal Dosa,Schezwan Veg Roll,Pizza Dosa,Schezwan Corn Cheese Dosa,Spring Vegetable Dosa"
Utsav Restaurant,"38/A, Mount Joy Road, Hanumanthnagar, Behind BMS College, Banashankari, Bangalore",3.8,Banashankari,300.0,excellent,,"Harabara kabab,Malai kofta,Plain roti,garlic naan"
Crunch and Munch,"11, Canara Bank Colony, Uttarahalli, Bangalore",3.7,Uttarahalli,300.0,decent,,"chats,ice cream,parathas,Dahi BHEL puri,baby corn chilly,cutlet chat,mushrooms pepper dry,gulkand pani Puri,bhel puri,bombay special chats,special cutlet masala,Chinese innovative items,Biriyani flavour ice-cream"
Food Geek,"3/1, Bugle Rock Road, Gandhi Bazaar, Basavanagudi, Bangalore",3.8,Basavanagudi,350.0,friends-hangout,No,"Babycorn hot pot,Manchurian Momos,Cheese Masala Puri,wonton soup,Leefu momos,Hot Tea,American Chopusey Rolls,crispy honey pepper Paneer,paneer chilli,corn kernels,veg rice"
Sri Krishna Aramane,"1832, 14th Cross Road, 2nd Stage, Bendre Nagar, Kumaraswamy Layout, Bangalore",3.7,Kumaraswamy Layout,200.0,,,"Aki idli,rava idli,Palav,best pongal,dahi Vada,mughlai Biryani,fried rice,Manchurian,singapore noodles,dosas,strong filter coffee"
Great Indian Rolls,"Near Metro Station R.V.Road, Basavanagudi, Bangalore",3.3,Basavanagudi,100.0,,,chicken rolls
Chats Point,"14/1 5 th Main 2nd Cross, Near BMS Hostel, Basavanagudi, Bangalore",3.4,Basavanagudi,150.0,good,,"Masalapuri,veg sandwich"
Food Point,"139, 72nd Cross, Kumaraswamy Layout, Bangalore",3.5,Kumaraswamy Layout,300.0,,,"Schzwen noodles,chicken biryani,special handi chicken,tandoori pahadi kabab,tandoori roti,Chicken Handi,Nan,munchurians,noodles"
Swarga Ruchi,"65, Parvati Bhavan, Appu Rao Road, Chamaraj Pet, Chamarajpet, Basavanagudi, Bangalore",3.3,Basavanagudi,200.0,,,"Onion & Panner paratha,Rice baths,Methi chappathi,veg curries,davangere masale mandakki,Chapathi,shavige,idly,vada,Dosa,brinjal curry,Pitakpappu,vadas,idly shavigebath,lemon rice"
Kolkata King,"32, Khaleel Plaza, Opposite Vijaya Collage, RV Road, Basavanagudi, Bangalore",3.4,Basavanagudi,300.0,,,
Sandwich Mama's And Frozen Monster,"22, Second Main Road, 7th Block, Jayanagar, Bangalore",3.8,Jayanagar,250.0,,,"Sandwich,Waffle"
New Rajadhani Spicy,"16, Lalitha Enterprises, Kadirenahalli Main, Bendre Nagar, Kumaraswamy Layout, Bangalore",3.7,Kumaraswamy Layout,700.0,,,"Egg Masala Combo,Chicken Kebab"
Big Mishra Pedha,"1/72, 27th Cross, Opposite To Janatha Bazar, 4th Block, Jayanagar, Bangalore",2.9,Jayanagar,250.0,,,"peda,samosa,pav vaji,dhokla,vada pav,sev puri"
VEGeatz,"28/12/2, 3rd Main Road, Mountjoy Extension, Hanumantanagar, Banashankari, Bengaluru",3.4,Banashankari,200.0,bad,,
Foodizo,"17, Near BDA Complex, 25th Cross Road, 21st Main, 2nd Stage, Banashankari, Bangalore",3.6,Banashankari,300.0,friends-hangout,,"white sauce pasta,Cheesy Nachos,Chocolate waffle,loaded fries,Mississippi mud,veggie nuggets,potato pops,Lebanese dish,hot chocolate brownie,death by chocolate,Masala French fries,Red velvet waffles"
Food Springs,"559, 32nd Cross, 10th A Main, 4th Block, Jayanagar, Bangalore",4.0,Jayanagar,400.0,friends-hangout,,"hakka noodles with chilli mushroom,five spice babycorn,paneer pops,dragon crisp,manchow soup,Thai food,Schezwan rice,honey chili potato,spring rolls,Singapore Noodles,Malaysian noodles,baby corn gravy,Palak Rice,Nacho rice"
Chung's Chinese Corner,"295, Sri Krishna Complex, 10th Main, 3rd Block, Jayanagar, Bangalore",3.9,Jayanagar,700.0,friends-hangout,,"drums of heaven,chicken mushroom soup,schezwan noodles,sea food,koithai,chowmien,Malaysian noodles,prawns chowmein,chilly baby corn,Veg Spring roll,Veg Fried rice,Szechuan chowmein,Chilly chicken gravy,American choupsey,Fried wontons,crispy potato,crispy chowmein,Hakka noodles,schezwan fried rice"
Eurasia Pasta and Barbeque by Little Italy,"12, 32nd Cross, 7th Block, Jayanagar, Bangalore",4.1,Jayanagar,1.2,excellent,,"Cheese fondue,pasta,nachos,soups,Funghi trifolati,spaghetti primavera,Tiramisu,Lasagna,Tortellini,Mexican tacos,veg quesadillas,cheese garlic bread,Special Enchiladas,Pasta Al Farno"
Goli Vada Pav No 1,"92/1, Next to Vodafone Store, Gandhi Bazar Main Road, Basavanagudi, Bangalore",3.7,Basavanagudi,200.0,bad,,"classic vada pav,cheese vada pav,aloo tikka vada pav,paneer vada pav,maharaj vada pav,makkai palak pav,keshar kulfi,khajor kulfi,sabudana vada,masala vada pav,schezwan vada pav,potato wedges"
Ragoo's,"16, 5th B Main, KR Road, Jayanagar, Bangalore",3.9,Jayanagar,800.0,,,"pili pili pizza,deep pan pizza"
Pure  Natural,"Near National College, 7th Block, Jayanagar, Bangalore",3.9,Jayanagar,500.0,bad,,"Mexican salad,Veg soup,Pink pasta,Chilli cheese sandwich,Fresh juices,noodles hot salad,veggie salad"
Maiyas,"459/30, 30th Cross, 4th Block, Jayanagar, Bangalore",4.0,Jayanagar,200.0,good,,"Dosa Thali,filter coffee,dosa,poori thalis,Masala Sosa,Poori Sagu,Rava idli,jeera rasam,puliyogre,white rice,raita,curds,sambhar,rasam,papad,Mangalore Bun,Bajji"
Sip n Dine,"998/20, Poornima Complex, First Floor, Service Road, R.P.C. Layout, Vijay Nagar, Bangalore",3.6,Vijay Nagar,800.0,family-friendly,Yes,"Lollipop chicken,Fish tara fry,Prawns ghee roast,Mutton biryani,neer dosa,chicken ghee roast,chicken tikka masala"
Cafe Mondo,"2/2, Pattalamma Gudi Street, Armugam Circle, Near South End Circle, Basavanagudi, Bangalore",3.7,Basavanagudi,600.0,simple,,"pizza,tea"
Jalpaan,"539/49, 9th Cross, Kanakpura Road, 7th Block, Jayanagar, Bangalore",4.0,Jayanagar,900.0,excellent,,"big nacho,biryani,thili babycorn,paneer chilli tikka,fondue margarita,Rasmalai,Chocolate jamoon,Papdi pizza,Pineapple Shorbha,Bhatti ka panner,Birbal ki khicdhi,Potli biryani"
Kataria's Pakwan,"31, 2nd Cross, 1st Stage, Padmanabh Nagar, Kumaraswamy Layout, Bangalore",3.2,Kumaraswamy Layout,400.0,,,"mushroom fried rice,paneer butter masala,Gobi Manchurian,alu paratha,mattar paneer sabzi,ajwain paratha,missi roti,Phulkas,rajma masala,channa masala,parathas,Amritrsari thali,poha,kadhai paneer,lassi"
Juicy Momos,"32, 22nd Cross, 22nd Main, 2nd Stage, Near BDA Complex, Banashankari, Bangalore",3.5,Banashankari,250.0,bad,,"paneer Momos,Paneer Pan fried momos"
Amande Patisserie,"115, 4th Main, 4th Stage, Thyagarajanagar, Near, Basavanagudi, Bangalore",4.0,Basavanagudi,300.0,,,"pistachio flavour,chocolate flavour,passion fruit Macaron,orange chocolate,strawberry flavour,rose,Belgian chocolate,hazelnut,vanilla"
Anand Sweets and Savouries,"4 & 5, 27th Cross, 4th Block, Jayanagar, Bangalore",3.9,Jayanagar,400.0,good,,"Motichoor laddo,gulab jamun"
Chicken Hunt,"222, 100 Feet Road, Near Kathriguppe Signal, Opposite Udbav Hospital, 6th Block, 3rd Stage, Banashankari, Bangalore",3.5,Banashankari,350.0,bad,,"roast chicken,schezwan chicken fried rice,chicken manchurian,chicken dum biryani,northern Indian dishes,triple fried rice,chicken fried rice,tandoori chicken,Kebabs,Grilled chicken,Reshmi Kebab,Zafrani Kebab,Butter chicken,Punjabi chicken"
Swadesh Tadka,"101, Manjunatha Complex, Near BDA Complex, 22nd Main, 2nd Stage, Banashankari, Bangalore",3.5,Banashankari,600.0,family-friendly,,"Veg biryani,Gulab jamun,paneer curry"
Cane-O-La,"44/1, Bull Temple Road, Basavanagudi, Bangalore",3.8,Basavanagudi,100.0,excellent,Yes,"ginger flavor,mint flavor,masala flavors,lemon,salt and pepper,chat masala,natural flavor,sugarcane juice,popcorn"
New Biryani Mane,"2, Chikkalsandra, Uttarahalli Main Road, Uttarahalli, Bangalore",3.7,Uttarahalli,450.0,,,
Upahara Darshini,"9A Main Road, 3rd Block, Jayanagar, Bangalore",3.8,Jayanagar,400.0,family-friendly,,"pomegranate juice,sandwiches,rava dosa,thair vada,masala dosa,set dosa,idli,vada pav,pav bhajji,Masala Papad,Filter Coffee,Chilli Paneer Masala,Malai Kofta,Palak Paneer,Garlic Naan,Gulab Jamun,Ice Cream"
Karnataka Bhel House,"6, 2nd Main, 3rd Cross, Chamrajpet, Basavanagudi, Bangalore",4.1,Basavanagudi,100.0,friends-hangout,No,"Masala Puri,Dahi Puri,Bhel Puri,Pani Puri,Sev Puri"
Sreeraj Lassi Bar,"196, 8th E Main, 27th Cross, 3rd Block, Suraj Plaza, Jayanagar, Bangalore",4.1,Jayanagar,150.0,excellent,,"pudina lassi,dry fruits lassi,Mausambi Juice,gudbud ice cream,mango lassi,old lassi,Malai lassi,Badam Falooda,Fruit Falooda"
Juice Junction Food Court,"54, Bull Temple Road, Basavanagudi, Bangalore",3.7,Basavanagudi,200.0,,,"Gobi Manchurian,veg hakka noodles,juices"
Bunt's Biriyani Palace,"487, 80 Feet Road, Bank Colony, 1st Stage, Banashankari, Bangalore",3.0,Banashankari,400.0,,,"prawns fry,prawns chilly,chicken biryani,mutton biriyani,neer dosa,chicken leg roast,fish tikka,Bangada fish fry,fish kabab,Gobi Manchurian,Pepper chicken,kalmi kabab,chicken sukka,Mangalorean dishes,Leg roast,Golden dry,biryani,butter chicken,Andhra style chilli chicken"
Chai Point,"525/2, Opposite Lacasa, 10th Main, 33rd Cross, 4th Block, Jayanagar, Bangalore",3.2,Jayanagar,250.0,friends-hangout,,"ginger tea,samosa,banana cake,masala chai,dum chai,lemon tea,egg puff"
Janahaar,"162 , Kathreguppe Cross Road, 3rd Stage, Banashankari, Bangalore",3.8,Banashankari,100.0,friends-hangout,,"Halbai sweet,Vada,Masala Dosa,Idly,Medu Dosa,Coffee,Paddu,Sambar,Chutney,Khali Dosa"
Redberrys,"30, Surveyor Street, DVG Road, Basavanagudi, Bangalore",4.0,Basavanagudi,600.0,friends-hangout,,"pizzas,gelatos,Bramhins coffee,Belgian Chocolate,Oreo Blast,French Vanilla,Bubble gum,paneer and bell pepper pizza,Joe's burger,Alfredo penne pasta,farmhouse pizza,chocolate cake with Snickers ice cream"
Utsav,"46, 80 Feet Road, 3rd Stage, Banashankari, Bangalore",3.7,Banashankari,200.0,,,
Meat And Eat,"241, 100 Feet Road, Opposite Eshwari Theater, 3rd stage, Banashankari, Bangalore",3.1,Banashankari,500.0,,,"green apple mojito,Chicken burgers"
Snacks Bite,"173, Shop 4, Ground Floor, Teachers Colony, First stage, D.S.I College Main Road, Kumaraswamy Layout, Bangalore",3.0,Kumaraswamy Layout,400.0,,,"momos,sandwich,pasta,Maggie"
The Spice Saga,"642, 14th Main, Kumaraswamy Layout, Bangalore",3.7,Kumaraswamy Layout,750.0,,,"chicken lollipop,grill chicken"
Dakshin Cafe,"1061, Gowrisutha, 50 Feet Rd, 1st Stage, Kumaraswamy Layout, Bangalore",3.7,Kumaraswamy Layout,100.0,,,"Masala dosa,open dosa"
Kaulige Millet Corner,"201, 4th Main Road, Next to National Lassi Bar, Chamrajapet, Basavanagudi, Bangalore",3.3,Basavanagudi,150.0,,,"millet recipes,Bisibele bhath"
Ifruit Ice Cream,"1771, 14th Main, 1st Stage, Kumaraswamy Layout, Bangalore",3.3,Kumaraswamy Layout,150.0,excellent,,Live ice cream
Havmor,"75, Kanakapura Road, Vasavi Circle, V.V Puram, Basavanagudi, Bangalore",3.8,Basavanagudi,200.0,bad,,"chocolate murder,Black Forest,Belgian sensation"
Grand Food,"6/1, Anjaneya Nagar, 100ft Ring Road, Banashankari 3rd Stage, Banashankari, Bangalore",3.4,Banashankari,250.0,bad,,"Benne Masal dosa,south Indian food,north Indian food"
Dining Hut,"1080, Near Niligiris, Kumaraswamy Layout, Bangalore",3.5,Kumaraswamy Layout,400.0,,,"paneer satay,chicken"
Desi Swaad,"1554, 11th Cross, 1st Stage, Kumarswamy Layout, Near Sagar Hospital, Kumaraswamy Layout, Bangalore",3.5,Kumaraswamy Layout,400.0,,,"non veg thali,chicken vada pav,Pani Puri,Spanish Omlete,Jal Jeera Soda,Biriyani"
Yummy Momos,"Sri Ganesh Fast Food. Opposite Goli ,Dayanand Sagar College Road, Kumaraswamy Layout, Bangalore",3.2,Kumaraswamy Layout,200.0,,,
Masale Daan,"Fresh Menu, Stavyah Arcade #10, 3rd floor 9th Main, Opp to Daily Bread, Yarab Nagar Main Rd, Banashankari Stage II, Bengaluru- 560070.",3.1,Banashankari,350.0,,,
Grow Fit,"954, 2nd Floor, 24th Main, 2nd Phase, Opposite LIC Building, JP Nagar, Bangalore",3.6,JP Nagar,500.0,,,"Brown rice,Biryani,Miler dish of the day,Rajma masala"
Sandwich Hub,"616/2, 31st Cross, 10th A Main Road, 4th Block, Jayanagar, Bangalore",3.4,Jayanagar,300.0,,,spinach corn
Udupi Sri Krishna Cafe,"24, 8th C Main, Behind Post Office, 4th Block, Jayanagar, Bangalore",3.9,Jayanagar,600.0,excellent,,"banana kesri bath,butter masala dosa,filter coffee,spring roll dosa,pineapple kesri bath,spring dosa,fresh fruit juices"
Starlite Bakery  Fastfood,"25/4, 7th Block K.R Road, 8TH Cross Opposite, HDFC Bank, Jayanagar, Bangalore",3.7,Jayanagar,300.0,excellent,,"Chicken shawarma,honey cake,chicken puffs,Dum Biryani,Gobi Manchurian,cookies,Baby corn crispy with garlic sauce,starlight special puffs,Chicken fried rice"
Veganbreak24x7,"2, Medical College East Main Road, Kalasipalyam, Behind Bangalore Medical College, City Market, Bangalore",2.8,City Market,199.0,,,
Aadhya Hotel,"215, 2nd Main, Thygarajanagar, Basavanagudi, Bangalore",3.3,Basavanagudi,800.0,,,
Dodda Mane Baaduta,"3313, Vishwabharati Layout, 80 Feet Road, Girinagar, 4th Phase, Stage 3, Banashankari, Bangalore",3.5,Banashankari,250.0,family-friendly,,"biriyani,Mutton biryani,chicken biryani,lever fry,lemon chicken,thandoori chicken,Kalmi kabab"
Swadd Kitchen,"32/2, DVG Road, Basavanagudi, Karnataka, Bangalore",3.4,Basavanagudi,500.0,,,"chaas,dal bati churma,chaats,dhokla,cutlet,papad,salad,crushed chilli chutney,four kinds of gravies,dal,kadi,pulka,roti with gud,methi puri,kichidi,plain rice,gulab jamoon,fruit custard"
Happy Chopsticks,"3/1, Bugle Rock Road, Gandhi Bazaar, Basavanagudi",3.6,Basavanagudi,300.0,family-friendly,,"momos,leefu momos,hot and sour soup,Pasta"
Udupi Upachar,"5 Zaina Towers, 9th Main Yarab Nagar Main Road Banashankari, Bangalore",3.3,Banashankari,500.0,,,Udupi upachar
Davanagere Benne Dose Hut,"Shop 97, 22nd Main Road, Near Banashankari BDA complex, Banashankari Stage II, Banashankari, Bangalore",3.4,Banashankari,100.0,,Yes,"benne dose,Open Benne Dosa,dosas"
Jalsa,"942, 21st Main Road, 2nd Stage, Banashankari, Bangalore",4.1,Banashankari,800.0,excellent,No,"masala papad,panner,baby corn starters,lemon and coriander soup,butter roti,olive and chilli paratha,Pumpkin Halwa,kulchas,Cheese chilli paratha,Bhutta palak methi curry,Lemon Chicken,Egg fried rice,""Alice in Junoon"",soya chaap"
Subz,"Cosmopolitan Club, Ground Floor, 22nd Cross, 3rd Block, Jayanagar, Bengalore",4.2,Jayanagar,1.0,family-friendly,No,"tomato shorba,white pasta,chats,paneer curry,alishan kheer,Hyderabad dum Biryani,Bhindi kurkure,rajastani baby corn,amritsari paneer tikka,tandoori kasundi aloo,veg ball chilli ginger dry,amritsari chhole,dal makhni,subzi pathankot,subz methi mehak,veg hakka noodles,penne Alfredo,spaghetti peppernata,cheese chilli paratha,ajwaini palak paratha,aloo paratha,paneer paratha,saphedh cham cham,badami semiya,doodhi halwa,jalebi,paneer tikka,dal makhan,veg jal frezi"
Cafe Shuffle,"941, 3rd FLOOR, 21st Main, 22nd Cross, Banashankari 2nd stage, Opposite to BDA complex, Banashankari",4.2,Banashankari,600.0,friends-hangout,,"BBQ chicken wings,chef's special pizza,Jalapeo cheese balls,Veg Lasagne,chicken tikka pizza,fish fingers,mushroom Manchurian,milkshakes,snicker milkshake"
Mint and Mustard,"172, Ground Floor, Near Jain College, VV Puram, Basavanagudi, Bangalore",4.0,Basavanagudi,750.0,excellent,Yes,"Fried Masala papad,tomato soup,veg manchow,gobi manchuri,paneer pahadi tikka,masala papad,dilkush kofta,paneer tikka masala,dal makhni,roti,naan,paneer peshawari kulcha,veg biryani,Papad Churi,gobi angare,crispy vegetables,laccha parata,missi roti"
Chinese Square,"169, Subbarama Chetty Rd, NR Colony, Basavanagudi, Bangalore",3.9,Basavanagudi,200.0,,,"manchow soup,mushroom fried rice,noodles,Potato Manchurian,Panner Manchurian,Panner Fried Rice,Chocolate Milkshake,Veg shezwan noodles,baby corn manchuria,schezwan fried rice"
Punjabi Raswada,"SM Towers, Near Cosmopolitan Club, 4/3/1 & 3/2, 1st Floor, 11th Main, Jayanagar, Bangalore",3.5,Jayanagar,800.0,average,,"Lassy,Aloo Mattar,Pudhina paratha,Methi paratha,stuffed paratha,paneer curries"
Vinny's,"2467, 24th Cross, 2nd Stage, Banashankari, Bangalore",4.2,Banashankari,800.0,friends-hangout,Yes,"Onion Rings,Thin crust pizza,Alfredo sauce pasta,Red Velvet cake,BBQ chicken pizza,Margherita pizza,Caramel custard,Mozzarella sticks,Paneer Tikka thin crust pizza,Chicken lasagna,mix sauce pasta,virgin mojito,tandoori pizza,3 toppings pizza,Banofee Pie,Tiramisu"
Chetty's Corner,"126/3, Uttarahalli Main Road, Sarvabouma Nagar, Chikkalasandra, Uttarahalli, Bangalore",3.4,Uttarahalli,200.0,,,"Twisty potato,chilli cheese sandwich,Nippat Masala,Chetty Masala (Bhel)"
Kapoor's Cafe,"Bengaluru, Jayanagar, Bangalore",4.2,Jayanagar,800.0,excellent,No,"Dry Fruit Lassi,Masala Coke,Cheese Balls,Cheese Parantha,Paneer Pakoda,Masala Fries,Dal Makhni,Baingan Bharta,Fruit Cream,Cheese Burst Parantha,French Fries Punjabi style,Masala Papad Roasted"
Donne Biryani  Kabab Corner,"8, 1st Cross Road, Teachers Colony, Kumaraswamy Layout, Bangalore",3.3,Kumaraswamy Layout,200.0,ok,,"Ambur,Hyderabadi biriyani"
Sukh Sagar,"30th Cross, 8th Main, Near Jain Temple, 4th Block, Jayanagar, Bangalore",3.8,Jayanagar,450.0,,,"curd rice,Pav Bhaji"
S M V Snacks Corner,"Next to Bhagwan Mahavir Jain College, V V Puram, Basavanagudi, Bangalore",3.7,Basavanagudi,200.0,friends-hangout,,"Samosas,Mac n cheese,Noodle biriyani,Cheese maggi,Paneer roll,Oreo milk shake,Dosa,Wraps,Vada pav,Mosambi juice"
Andhra Ruchulu,"The President Hotel, 79/8, Diagonal Road, 3rd Block, Jayanagar, Bangalore",4.1,Jayanagar,1.0,family-friendly,,"chicken kebab,Guntur chicken,Amaravathi chicken dry,chilli chicken,chicken biryani,Murgh ghee roast,guava ice cream,mutton biryani,Andhra ruchulu chicken"
Steaming Mugs,"166/A 2nd Floor, R.V Road, Above DTDC Office, V.V Puram, Near Minerva Circle, Basavanagudi, Bangalore",3.9,Basavanagudi,700.0,good,,"chilly panner,Arrabiata pasta,Jalapeno popper,Crispy chilly potato,Rocher milkshakes,ice cream"
San Churro Cafe,"1112, Next to KIMS Medical College, 17th Cross, 2nd Stage, Banashankari, Bangalore",3.8,Banashankari,800.0,bad,,"desserts,Thai green curry,churros,lasagne,pizza,hot chocolate,nachos,pasta,cheesecake,Cross Country Ranch pizza,caramel pudding"
Rajathadri Food Fort,"19/49, Near National College, 2nd Main, 31st Cross, 7th Block, Jayanagar, Bangalore",4.0,Jayanagar,600.0,family-friendly,No,"panner manchurian,mushroom 65,baby corn pepper dry,Malawi kofta,butter kulcha,lime soda,masala papad,paneer butter masala,kaju masala,veg kadai,gajar ka halwa,Button idly,palak marsala dosa,masala dosa,rice bath,kichidi,khara bath,Dal"
Brew Meister,"523, 33rd Cross, Jayanagar, Bangalore",4.1,Jayanagar,1.5,excellent,No,"dragon panneer,peri peri fries,egg chilli,vegetarian medley pizza,Andhra chilli chicken,Chicken biryani,orange chilli chicken,grilled fish with butter garlic sauce,tandoori broccoli,tandoori mushroom,missal pav,Dal makhani,bacon wrapped sausages,butter garlic prawns,peanut Masala,baby corn anritsari,tandoori cheese mushroom,mutton samosa,orange chili chicken,chicken lollypop,french fries,chicken pizza,Thai spring roll,pepper mutton,blazing Naga pork,chocolate mousse cake pastry"
Rasoi,"86, Shakthi Arcade, 21st Main, 2nd Stage, Near KIMS College and BDA Complex, Banashankari, Bangalore",3.3,Banashankari,300.0,,,
Mr Singh Da Dhaba,"Near Dayananda Sagar College, Teachers Colony, Kumaraswamy Layout, Bangalore",3.6,Kumaraswamy Layout,300.0,,,
Kababs N Biryani,"406, 2nd Cross, Vidyapeeta Layout, Banashankri, Bangalore",3.4,Banashankari,200.0,,,"Chiken Biriyani,egg paroto,kababs,kothu parrota"
Ayodhya Upachar,"199/1, Ajanaya Bhavana, 100 Feet Ring Road, Kathriguppe, Banashankari, Bangalore",4.3,Banashankari,200.0,bad,,"Curd Vada,Masala Dosa,Rava Idli,Tomato soup,Noodles,Naan,Kaju masala,Capsicum masala,Kulcha,Gobi Manchurian,Paneer butter masala,North Indian thali,Mushroom chilly,Butter khulcha,Mushroom masala,Veg fried rice"
Biriyani Mane,"266/B, 7th Block, Jayanagar, Bangalore",3.8,Jayanagar,400.0,bad,No,"Calicut spice biriyani,Mango pickles,Chicken garlic kabab,Chicken lollipop,Chilli chicken,Mutton biryanis,Bangada Masala Fry,Neer dosa,Chicken Dum Biryani,Butter chicken,Ghee rice,Chicken pepper fry,Mutton Biryani,Fish masala fry,Fish tava fry"
Cafe Ajfan,"Shop 66/1, 4th Block, Near Maiys Hotel, 33rd Cross Road, Jayanagar, Bangalore",4.2,Jayanagar,700.0,excellent,Yes,"pasta,shakes,sandwich,crispy chicken burger,chicken shish tawook wrap,calzone pockets,hot chocolate,pink pride pasta,Hummus,Kubboos,Fries,Herbed rice,Mac n cheese pasta,Onion rings,Grilled peri peri paneer,Club sandwich,Mexican Poached eggs,Ajfan special thickshake,Moroccan chicken pizza,Alfredo pasta,lamb steak,chicken stroganoff,chicken wings"
Brundhavana Food Point,"1795, Near Police Station, 13th Main, Kumaraswamy Layout, Bangalore",4.0,Kumaraswamy Layout,300.0,,,"Hot and sour soup,roticurry,kulcha with Panner Tikka masala,veg koftha Curry,mughlai Biryani,Handi biriyani"
SLV Corner Restaurant,"42, Vani Vilas Road, Ramakrishna Ashrama Circle, Basavanagudi, Bangalore",4.1,Basavanagudi,550.0,basic,,"dosa,idli sambar,vada,filter coffee,bisi bele bath,poori,masala dosa,idly chutney dip,idly sambhar dip,rava idly,sambhar,crispy vada,chutney"
Hotel New Karavali,"89, Behind Venkateshwara Bar, Near PES College, 1st Stage, Banashankari, Bangalore",3.8,Banashankari,300.0,bad,,"fish thali,chapathi,sukka,fish masala fry,Donne Biriyani,Chicken 65"
The Krishna Grand,"1, Monotype, 2nd Stage, Banashankari, Bangalore",3.9,Banashankari,750.0,excellent,,"chaats,dosa,Spring dosa,cutlet,masala puri,pani puri,karabath,kesribath,Button idly in sambar dip,Button idly in chutney dip,Button idly sprinkled with gun powder (Guntur idly),wada,small masala dosa,3 varieties of chutney,Pongal,dhai Wada,Bonda soup,rava onion dosa"
360 Atoms Restaurant And Cafe,"47, 48 &49, 3Rd Floor, 21st Main Road, 2nd Stage, Banashankari, Bangalore",3.1,Banashankari,400.0,friends-hangout,,"white sauce pasta,pizza,garlic bread stick,momos"
Roti Ghar,"17, Gandhi Bazaar Main Road, Basavanagudi, Bangalore",3.9,Basavanagudi,500.0,bad,,"Puran poli,ghee roast Mysore masala dosa,Puliyaogare,curd rice,roti paneer combo,manchurians,panner chilly,pepper fried corn,Paneer Manchurian,Veg Kofta,Veg Sweet Corn,Butter Kulcha,fried rice,ice creams"
The Coffee Shack,"6th Block, 3rd Stage, Banashankari, Bangalore",4.2,Banashankari,500.0,friends-hangout,,"pancakes with chocolate syrup and ice cream,Masala Maggie,scrambled eggs,pasta,chicken barbecue,nachos,chicken and spaghetti,Jalapeo cheese balls,Veg Alfredo Pasta,Virgin Mojito,Smokey Chicken Burger,veg paneer pizza,twistato,corn cheese balls,garlic bread,green apple juice,spinach corn savory crepes,french ratatouille,cheesy fries,Aribiatta pasta,sandwich"
Kettle  Kegs,"101, Ground Floor, Manjunatha Complex, 22nd Main Road, 2nd Stage, Banashankari, Bangalore",3.2,Banashankari,200.0,,,"lemongrass tea,green tea,chamomile tea"
Baisakhi,"160, Gandhi Bazar Main Road, Basavanagudi, Bangalore",3.8,Basavanagudi,500.0,excellent,,"paneer satay,paratha thali,tandoori aloo parathas,black Channa,pickle,Raitha,Amritsari kulcha thali,chole,thick curd,onions,lemon slices,mint chutney,sweet lime soda"
Corner House Ice Cream,"808/6-1, 24th A Cross, K.R Road, 2nd Stage, Banashankari, Bangalore",4.3,Banashankari,400.0,excellent,,"Death by chocolate,DBC,chocolate mousse with cream,choco nutty,choco almond sundae,Cake fudge,cashew fudge,caramel,fruit salad with ice cream,Lychee with icecream"
Poonam Sweets,"43, BDA Complex, 2nd Stage, Banashankari, Bangalore",4.4,Banashankari,150.0,bad,,"samosa,kachori,jalebi,Dhokla,Basundi,Badam Milk"
XO Belgian Waffle,"18, B K Complex, Opposite To BDA Complex, 21st, Main Road, 2nd Stage, Banashankari, Bangalore",3.7,Banashankari,400.0,,,"bubble gum shake,coffee waffle,vanilla ice cream"
Old Mumbai Ice Cream,"416, 24th Cross, 9th Main, 2nd Stage, Banashankari, Bangalore",3.9,Banashankari,150.0,excellent,,"paan masala,Mud-pie mojo,Coffee Almond,Coconut Malai,nutella brownie,red velvet sundaes,dutch truffle milkshake"
Cake of the Day,"295/B, 7th Main Road, 100 Feet Ring Road, 7th Block, 3rd Stage, Banashankari, Bangalore",3.7,Banashankari,150.0,bad,No,"pineapple pastry,chocolate pastry,dark chocolate truffle,pineapple cupcake,chocolate mousse cup,mushroom puffs,black forest cake,Choco Almond pastry,Almond cake,Assorted Puff,eggless orange cake,honey cakes,mango cake,salt biscuits,paneer puff,vanilla pastry,butter biscuits"
Amma's Pastries,"57/18, 12th Main, Opposite PES College, Banashankari, Bangalore",3.8,Banashankari,400.0,,,cake
Kanti Sweets,"374/B, 2nd Phase, BSK 3rd Stage, Srinivasa Nagar, Banashankari, Bangalore",4.0,Banashankari,400.0,,,"Mysore pak,kaju katli,kalakand,radagulla,goolab jamoon,ghee jalebi,dry fruits,mini rasagullas,mini jamoon,benne murukku,Jaju barfi,badam halva,Samosa,Kachori,Khaju barfi,angoori gulab jamoon,angoori petha,Kaju roll,sohan halwa,horlicks burfi"
Sugar Rush,"186, 11th Main, 4th Cross, Hanumanthnagar, Banashankari, Bangalore",3.8,Banashankari,300.0,,,"cupcakes,chocolate ganache cake,chocolate vanilla cake,Nutella,chocolate,eggless cakes,cupcakes,cake loafs,double chocolate,fondant cake,vanilla cake,exciting desserts"
Polar Bear,"79, 21st Main, 2nd Stage, Banashankari, Bangalore",3.9,Banashankari,400.0,bad,,"Chocolate fudge,Coke Float,hot chocolate fudge sundae,butterscotch"
San Churro Cafe,"1112, Next to KIMS Medical College, 17th Cross, 2nd Stage, Banashankari, Bangalore",3.8,Banashankari,800.0,bad,,"Desserts,Nutella churros,Thai green curry,Churros,Pizza,Hot chocolate,Nachos,Pink pasta,Caramel pudding"
Anand Sweets and Savouries,"70, 21st Main, Near BDA Complex, 2nd Stage, Banashankari, Bangalore",3.7,Banashankari,400.0,friends-hangout,,"Dhai balla,katori chat,Dhai Puri,Rasmali,Dhoklas,Kachoris,Kachori chaat,Samosa Chat,Dahi Puri,Bhel Puri,lassi,badam milk,rasmalai,rasgulla,papdi chaat,dahi bhalla,motichoor laddu,chole batura"
Ibaco,"Shop 58, 50 Feet Road, Opposite to Kathriguppe Water Tank, 1st Block, 3rd Stage, 1st Block, Banashankari, Bangalore",3.9,Banashankari,300.0,,,ice cream
Kirthi's Biryani,"405, 24th Cross, 9th Main, 2nd Stage, Banashankari, Bangalore",3.8,Banashankari,700.0,,,"wood fire pizzas,pizza"
The Lassi and Juice Park,"11/2, 50 Feet Road, Muneshwara Block, Near Girinagar, Banashankari, Bangalore",3.8,Banashankari,150.0,bad,,"gadbad,death by chocolate,watermelon juice,dry fruit lassi,Kaju anjeer milkshake,dry fruit banana milkshake"
Stoned Monkey,"415, 9th Main, 24th Cross, 2nd Stage, Banashankari, Bangalore",4.3,Banashankari,500.0,excellent,Yes,"customised ice creams,Chocolate,milk shake,brownie chunks,Chocolate sticks,whip cream,Chocolate syrup,red velvet pastrie,Oreo cookie"
Parimala Sweets,"1142, 22nd Cross, 30th Main, Banashankari, Bangalore",3.5,Banashankari,200.0,,,"samosas,cham cham,jahangeer sweets,Rasgullas"
The Big O Bakes,"45/12, 4th Cross, 10th Main, Gururaja Layout, Banashankari, Bangalore",4.0,Banashankari,300.0,,,"chocolate cakes,red velvet cakes,red velvet cupcakes,seasonal flavours,customised cakes,dark chocolate salted caramel cake,seasonal strawberry cream cake,cake in a jar,strawberry,red velvet,Nutella cupcakes,banoffee pie,shooter cupcakes with baileys,chocolate cupcake with Nutella filling,macaroons,strawberry sensation,key lime pie,banana muffins,JD truffles"
Shree Mahalakshmi Sweets,"344, 50 Feet Road, Dasarhalli, Srinagar, Banashankari, Bangalore",3.2,Banashankari,100.0,,,
Keventers,"2465, 24th Cross, 2nd Stage, Banashankari, Bangalore",3.7,Banashankari,400.0,,,hazel nut shake
Dessert Rose,"1/34, 3rd Cross Road, Kathriguppe IV Phase, Banashankari 3rd Stage, Banashankari, Bangalore",3.5,Banashankari,500.0,,,"rose macaroon,chocolate macaroon"
Thanco's Natural Ice Creams,"941, 21st Main Road, BSK 2nd Stage , Near BDA Complex, Banashankari, Bangalore",3.2,Banashankari,300.0,friends-hangout,,"gulkand flavour,natural ice creams,milkshakes"
Corner Stone,"294, 100 Feet Road, Next to Mane Thindi Hotel, Near Deve Gowda Petrol Bunk, 3rd Stage, Banashankri, Bangalore",3.6,Banashankari,300.0,excellent,,"burger,sandwich,French fries,strawberry milkshake,pizza,pasta,gobi manchurian,potato wedges,chocolate milkshake,watermelon juice,fried rice,noodles,fresh juice"
Kaggis,"50 Feet Road, Hanumanthanagar, Banashankari, Bangalore",3.8,Banashankari,250.0,,,"veg puff's,paneer pizza piece"
Cocoa Bakes,"2466, 24th Cross Road, Siddanna Layout, Stage II, Banashankari, Bangalore",3.6,Banashankari,350.0,,,"mini macron's,red velvet cake,fruit cake,butterscotch"
Floured-Baked With Love,"415, 1st C Cross, Banashankari 3rd Stage, 5th Block, Bangalore, Banashankari, Bangalore",3.8,Banashankari,400.0,excellent,,"red velvet cupcakes,chocolate cakes,vanilla cake with chocolate buttercream,chocolate cake with chocolate ganache,dulce de leche brownies,plum cake"
CAFE NOVA,"101, Water Tank Road, 2nd Block, 3rd Stage, Banashankari, Bangalore",3.2,Banashankari,600.0,excellent,,"pasta,banana coffee,hot chocolate with mint,sausage,nuts sundae,Hazelnut Cappuccino,Irish toppings"
Cakes  Slices,"27, 80 Feet Road, Srinivasnagar, Banashankari, Bangalore",3.5,Banashankari,300.0,excellent,,"samosa,pizza,pineapple pastries,butterscotch pastries,Veg Puffs,Ohm Biscuits,Butter Biscuits,Khara Bread,Pineapple cake,Vanilla pastry,strawberry pastry,Chocolate pastry,palya bun,khara bun,Bread toasts,fresh cream cakes,donuts,mousse cakes,choco lava,various kinds of puffs,rolls,chocolates"
Arun Ice Cream,"24th Cross Road, Siddanna Layout, Banashankari Stage II, Banashankari, Bangalore",3.4,Banashankari,150.0,bad,,"snacks,juices,ice cream,pizzas,sandwiches"
Just Bake,"3967, VHBC Society, Girinagar Phase 4, Hosekerehalli Mani Road, Banashankari 3rd Stage, Banashankari, Bangalore",3.4,Banashankari,400.0,,,
Kwality Wall's Swirl's Happiness Station,"590, 24th Cross, 2nd Stage, Banashankari, Bangalore",2.9,Banashankari,200.0,friends-hangout,,"Kesar pista ice cream,Strawberry,Butterscotch,Tutti Fruti,Fruit & Nut"
Sweet N Swirl,"18/22, 22nd Main, 80 Feet Road, Hanumanth Nagar, 3rd Stage, Banashankari, Bangalore",3.2,Banashankari,150.0,friends-hangout,,"Gulkand tornado,Litchi tornado,strawberry tornado,chocolate milkshake,chocolate tornado"
Sweet Truth,"101 Ground Floor, Manjunatha Complex, 22nd Main Road, Banashankari, Bangalore",3.9,Banashankari,500.0,,,cheesecake
Waffle-A-Go Go,"599, 24th Cross, 2nd Stage, Banashankari, Bangalore",3.9,Banashankari,400.0,,,
Sri Venkateshwara Sweet Meat Stall,"115/116, Gandhi Bazar Main Road, Basavanagudi, Bangalore",4.0,Basavanagudi,400.0,,,"Mysore pak,kalakand,dum rot,Jalebis,Pani Puris,dhokla,badam milk"
Baskin Robbins,"74, Shankar Market, Vanivillas Road, Basavanagudi, Bangalore",3.7,Basavanagudi,250.0,friends-hangout,,"chocolate ice cream,Three cheers chocolate ice cream,pralines & cream ice cream,Banana Strawberry,Cotton Candy,Chocolate Mousse Royale,Mississippi Mud,Bavarian Chocolate,Mint Milk,ice cream cake"
Redberrys,"30, Surveyor Street, DVG Road, Basavanagudi, Bangalore",4.0,Basavanagudi,600.0,friends-hangout,,"pizzas,gelatos,Bramhins coffee,Belgian Chocolate,Oreo Blast,French Vanilla,Bubble gum,paneer and bell pepper pizza,Joe's burger,Alfredo penne pasta,farmhouse pizza,chocolate cake with Snickers ice cream"
Amande Patisserie,"115, 4th Main, 4th Stage, Thyagarajanagar, Near, Basavanagudi, Bangalore",4.0,Basavanagudi,300.0,,,"pistachio flavour,chocolate flavour,passion fruit Macaron,orange chocolate,strawberry flavour,rose,Belgian chocolate,hazelnut,vanilla"
Srinivasa Brahmins Bakery,"125, 1st Floor, Abalashram Building, DV Gundappa Road, Basavanagudi, Bangalore",3.6,Basavanagudi,150.0,,,"butter murgu,capsicum puff,Nippat,maddur vada,honey cake"
Jain Bakes,"129, D.R.Complex, DVG Road, Basavanagudi, Bangalore",3.6,Basavanagudi,250.0,,,"eggless cakes,cream less cakes,cream cakes,biscuits,breads,pizza base"
Cake Ghar,"24, Next to Roti Ghar, Gandhi Bazaar Main Road, Basavanagudi, Bangalore",3.8,Basavanagudi,400.0,,,"ice cream,cake,pastry,sweets"
KC Das - Sweet Spot,"20, East Anjenaya Temple Street, Basavanagudi, Bangalore",3.6,Basavanagudi,200.0,bad,,"mysore pak,Sweet Dahi,Rossogolla,Rossomalai,Soan papdi,Luchi,Dum aloo,Rasmanjuri,Raskadam,Rasgullas,Samosa,Kachori,Malpua,Turkish delight,Sohan papdi,Pure ghee puri"
Diabetics Dezire Sugarless Sweets and Bakes,"92/1, Gandhi Bazaar Main Road, Basavangudi. Next to Vodafone Showroom, Basavanagudi, Bangalore",3.3,Basavanagudi,300.0,,,"sweets,lemon ginger squash"
Cake Yard,"44/1, Bull Temple Road, Near Dodda Ganapati Temple, Basavanagudi, Bangalore",3.3,Basavanagudi,250.0,,,"cake,red velvet cake"
Iceberg Icecreams,"23/1, Shop Street Road, Basavanagudi, Bangalore",4.0,Basavanagudi,250.0,excellent,,"Strawberry,KitKat,Choco Vanilla,Mixed Berry,Kala Jamoon Rolls,Almond cake,Chocolate butter,jelly belly,Nutty fudge,fruits sundae,dark chocolate belgian scoop,chocolate ice-cream,butter scotch,Dry fruit,chocolate choco chip,vanilla flavored ice cream"
A2B Veg - Adyar Ananda Bhavan,"200, Next to Canara Bank, KG Road, Gandhi Bazaar, Basavanagudi, Bangalore",2.7,Basavanagudi,400.0,,,"Pongal,mini Tiffin,Milk & Ghee sweets"
Sri Krishna Sweets,"121, DVG Road, R.M Complex, Basavanagudi, Bangalore",3.7,Basavanagudi,250.0,,,"mysurpa,Mysore Pak,badam halwa,kai muruku,Fried Cashews,Cashew Burfi"
Cake Art,"1/A, 3rd Main, 7th Cross, Kattebalag, Narasimharaja Colony, Basavanagudi, Bangalore",3.5,Basavanagudi,400.0,,,"cake,samosa,black forest,white forest,butter scotch pastries,mousse,kurkure,fried ground nuts,kodubale chakkali"
Asha Sweets Centre,"26/3, Bugle Rock Road, Gandhi Bazaar, Basavanagudi, Bangalore",3.6,Basavanagudi,250.0,good,,"samosa,kachori,rasmalai,kulfi,Chiroti,Jodhpur ki ladoo,Moti chur ladoo,Cold Badam Milk,dahi puri"
The Krishna Grand,"1, Monotype, 2nd Stage, Banashankari, Bangalore",3.9,Banashankari,750.0,excellent,,"chaats,dosa,Spring dosa,cutlet,masala puri,pani puri,karabath,kesribath,Button idly in sambar dip,Button idly in chutney dip,Button idly sprinkled with gun powder (Guntur idly),wada,small masala dosa,3 varieties of chutney,Pongal,dhai Wada,Bonda soup,rava onion dosa"
Sea Spice by 7 Star,"1890, Shetty Gardenia, 9th Main, Kaverinagar, 2nd Stage, Banashankari, Bangalore",4.0,Banashankari,1.2,family-friendly,Yes,"prawn ghee roast,krab masala,kori roti,chicken gravy,appam"
Mini Punjabi Dhaba,"7/1, Behind BMS College Hostel, Hanumantha Nagar, Banashankari, Bangalore",4.2,Banashankari,350.0,bad,,"paneer keema,tandoori roti,phulkas,jeera rice,dal,paratha,pulka,paneer do pyaza,butter roti,bhindi fry,aloo gobi,masala papad,lassi"
Onesta,"2469, 3rd Floor, 24th Cross, Opposite BDA Complex, 2nd Stage, Banashankari, Bangalore",4.6,Banashankari,600.0,excellent,,"pizzas,pasta,tiramisu shots,mozzarella cheese balls,bacon pizza,chat pizza,herbed wedges,cheese balls,fish fingers,walnut tart,peanut-butter mousse"
Wamama,"2466, Bhaskar Grand Tower, 24th Cross, Opposite BDA Complex, Banashankari, Bangalore",4.2,Banashankari,800.0,excellent,No,"sushi,char Sui bao,egg fried rice,peanut butter chocolate mousse,soups,dimsums,Korean wings,Hongkong noodles,Thai steamed fish,Mushroom Manchurian,Manchow Soup,Bol Choy & Tofu Dumpling,Wamama Special Bao,Paneer Chilli,Japanese Fried Chicken Karaage,Prawn Char kway Teow,Khao suey chicken soup,prawn fried rice,spring rolls,Schezwan fried rice,vanilla ice cream"
Jalsa,"942, 21st Main Road, 2nd Stage, Banashankari, Bangalore",4.1,Banashankari,800.0,excellent,No,"masala papad,panner,baby corn,lemon and coriander soup,butter roti,olive and chilli paratha,Pumpkin Halwa,kulchas,Cheese chilli paratha,Bhutta palak methi curry,Lemon Chicken,Egg fried rice,""Alice in Junoon"",soya chaap"
Vinny's,"2467, 24th Cross, 2nd Stage, Banashankari, Bangalore",4.2,Banashankari,800.0,friends-hangout,Yes,"Onion Rings,Thin crust pizza,Alfredo sauce pasta,Red Velvet cake,Chicken lasagna,BBQ chicken pizza,Margherita pizza,Mozzarella sticks,Panner Tikka thin crust pizza,Caramel custard"
Jcubez,"1431, 22nd Cross, Near BDA Complex, 2nd Stage, Banashankari, Bangalore",3.8,Banashankari,1.3,friends-hangout,No,"Pizzas,Fries,Burger,Fountain soda"
Gustoes Beer House,"10, 30th Main, Deve Gowda Petrol Bunk Road, 3rd Stage, Banashankari, Bangalore",4.1,Banashankari,1.2,friends-hangout,,"steaks,egg based pizzas,grilled fish steak,Kung Pao Chicken,Murgh Beer House Tikka,Panneer Sofiyan Tikka,french fries,Raw Mango salad,Papaya salad"
Penthouse Cafe,"1, 30th Main Road, 3rd Stage, Banashankari, Bangalore",4.0,Banashankari,700.0,friends-hangout,,"Veg Steak,pasta,pizza,sizzler,chicken burgers,Nachos Cheese Salsa,BBQ Chicken Grilled Burger,Jalapeno Cottage Cheese Burger,Nutella shake,hot chocolate,Garlic bread,Cheese balls"
Spice Elephant,"2nd Floor, 80 Feet Road, Near Big Bazaar, 6th Block, Kathriguppe, 3rd Stage, Banashankari, Bangalore",4.1,Banashankari,800.0,family-friendly,No,"Chicken biryani,Mutton biryani,Thom yum Thai soup,paneer curry,paneer uttar dakshin,paneer kurchan,Lasooni fish tikka,buffet"
Smacznego,"2470, 21 Main Road, 25th Cross, Banashankari, Bangalore",4.2,Banashankari,550.0,friends-hangout,,"cheesy fries,Delicious pasta,loaded fries,white sauce pasta,cheesy loaded nachos,waffles,bubble tea,saucy fries,mixed cream pasta,green fries,spicy fries"
Caf Down The Alley,"12,29 Near PES University Back Gate, D'Souza Nagar, Hosakerehalli, 3rd Stage, Banashankari, Bangalore",4.1,Banashankari,500.0,friends-hangout,,"waffles,Mango Smoothies,Almond Smoothies,Potato Wedges,Pesto Veg Pasta,Alfredo Veg Pasta,Chilly Baby Corn,French Fries,Black currant Smoothies,Lychee Smoothies,Chilli cheese Maggi,blue lagoon,sandwiches,nuggets"
Cafe Shuffle,"941, 3rd FLOOR, 21st Main, 22nd Cross, Banashankari 2nd stage, Opposite to BDA complex, Banashankari",4.2,Banashankari,600.0,friends-hangout,,"BBQ chicken wings,chef's special pizza,Jalapeo cheese balls,Veg Lasagne,chicken tikka pizza,fish fingers,mushroom Manchurian,milkshakes,snicker milkshake"
The Coffee Shack,"6th Block, 3rd Stage, Banashankari, Bangalore",4.2,Banashankari,500.0,friends-hangout,,"pancakes with chocolate syrup,ice cream,Masala Maggie,scrambled eggs,pasta,chicken barbecue,nachos,chicken and spaghetti,jalapeo cheese balls,Veg Alfredo Pasta,Virgin Mojito,Smokey Chicken Burger,veg paneer pizza,twistato,corn cheese balls,garlic bread,green apple juice,spinach corn savory crepes,french ratatouille,cheesy fries,Aribiatta pasta,sandwich"
Peppy Peppers,"942, 3rd Floor, 21st Main Road, 2nd Stage, Banashankari, Bangalore",4.2,Banashankari,800.0,excellent,,"hot chocolate,Nachos,Fries,Thai green curry,Quesadillas,Greek salad,garlic prawn,bread toast,Arabiatta,Alfredo,Super Large Fries,Cheese cottage steak,loaded nachos,Butter Chicken Fries,Dal-Methi,Phulka,Cajun spiced potato wedges,veg quesadilla,cottage cheese steak sizzler,cheesy fries,peppy paneer,Thin crust Chicken supreme pizza,paneer tikka biriyani,Chicken Makhani Fries,Masala Nachos,Penne Alfredo,Penne Arabiata,Red velvet Cake,Tiramisu,Cold Stone Ice-cream,Chille releno,Chicken plancha,salad Al Arabia"
Anna Kuteera,"21, 80 Feet Road, 3rd Phase, 4th Block, 3rd Stage, Banashankari, Bangalore",4.0,Banashankari,450.0,bad,,"idly vada,dosa,filter coffee,Thali,North Indian Rotis,palav,masala dosa"
Szechuan Dragon,"8, 2nd Floor, 1st Main, Arush Trapeze, Mount Joy Road, Behind BMS College of Engineering, Hanumanthnagar, Banashankari, Bangalore",4.2,Banashankari,600.0,friends-hangout,,"leefu chicken,chilli garlic noodles,chicken lollipop,Manchow soup,shredded chicken,mixed Fu Yong,Singapore noodles,roast chilli chicken,hunan prawns,Dimsum chicken,Veg wonton soup,Leefy baby corn,Dragon chicken,Butter garlic rice,general Tso’s mushrooms,Kung pao babycorn,honey chilli potatoes,leefu fried rice,schezwan fried rice,veg ball manchurian sauce"
1947,"296, Ram Towers, 100 Feet Ring Road, Banashankari, Bangalore",4.0,Banashankari,850.0,excellent,,"spicy corn soup,sholey ke paneer,Panner Tikka Dum Biriyani,Panner Lababdar gravy"
Caf-Eleven,"111, Sapphire Toys Building, 100 Feet Ring Road, Banashankari, Bangalore",4.0,Banashankari,450.0,friends-hangout,,"lemon chicken,dragon chicken,jalapeno poppers,BBQ veg pizza,Arrabiata pasta,jalapeno cheese balls,Oreo milkshake,cheese toasts,babycorn pepper dry,cafe frappe,mushroom pepper"
Thamboola,"1112, Next KIMS Medical College, 17th Cross, 2nd Stage, Banashankari, Bangalore",3.9,Banashankari,800.0,family-friendly,,"Baby corn tandoori,veg kheema gravy,Paneer Tikka,Cashew and Dhaniya Pulao,Veg Jhalfrazy,spring rolls,veg kolapuri,butter naan,tandoori babycorn,tandoori aloo,veg biryani"
Havyaka Mess,"Opp Vinayaka hospital, Near Seetha Circle , 80 Feet Road, Banashankari, Bangalore",3.9,Banashankari,300.0,bad,Yes,"Rice,sambhar,rasam,papad"
San Churro Cafe,"1112, Next to KIMS Medical College, 17th Cross, 2nd Stage, Banashankari, Bangalore",3.8,Banashankari,800.0,bad,No,"desserts,nachos,pasta,churros,lasagne,Thai green curry,pizza,hot chocolate,Cross Country Ranch pizza,pasta,caramel pudding"
Cafe Vivacity,"2303, 21st Cross, K R Road, 2nd Stage, Banashankari, Bangalore",3.8,Banashankari,650.0,excellent,Yes,"filter coffee,french fries,brownie with ice cream,Potato Wedges,Corn n Cheese Garlic Bread,KitKat Milkshake,Belgian Waffle with Icecream,Red Velvet Cupcake"
Chung Wah,"14, 2nd Floor, Panchanjanya Tower, Phase III, 3rd Stage, 100 Feet Road, Banashankari, Bangalore",3.9,Banashankari,900.0,friends-hangout,,"chicken manchurian,chicken lollipop"
Vietnamese Kitchen,"Pavanashree Nilayam, 7 Block, Banagirinagara, Banashankari, Bangalore",3.6,Banashankari,700.0,average,,"burnt garlic rice,chicken red and green,chicken glass noodles soup,hot garlic fish,glass noodles,Rice flour Rolls,veg dumpling,Chicken Pho,chicken momos,mushroom,baby corn"
Blue Wings Bar  Restaurant,"488/1, 7th Main Road, 50 Feet Road, Hannumantha Nagar, Banashankari, Bangalore",3.7,Banashankari,700.0,friends-hangout,,"golden chicken,raja chicken,groundnut masala,onion rings,Pork Pepper,Pork dry,potato wafers,cashew fry,capsicum bajji,chilli chicken,Roti,Paneer Butter Masala,Palak Panner,Palak Rice,Veg Biriyani,ghee rice"
Anand Sweets and Savouries,"70, 21st Main, Near BDA Complex, 2nd Stage, Banashankari, Bangalore",3.7,Banashankari,400.0,friends-hangout,No,"Kaju Katli,Dhai balla,katori chat,Dhai Puri,Rasmali,Dhoklas,Kachoris,Kachori chaat,Samosa Chat,Dahi Puri,Bhel Puri,lassi,badam milk,rasmalai,rasgulla,papdi chaat,dahi bhalla,motichoor laddu,Rasgullas,jamoons,Chole batura"
Catch-up-ino,"241, 4th Floor, 100 Feet Ring Road, Opposite Kamakya Theatre, Banashankari, Bangalore",3.9,Banashankari,800.0,bad,,"hookah,masala french fries"
Kirthi's Biryani,"405, 24th Cross, 9th Main, 2nd Stage, Banashankari, Bangalore",3.8,Banashankari,700.0,,,"wood fire pizzas,pizza"
T3H Cafe,"504, CJ Venkata Das Road, Padmanabhangar, 2nd Stage, Banashankari, Bangalore",3.9,Banashankari,300.0,friends-hangout,,"coffee,cheese Maggie,masala fries"
Srikrishna Bhavan,"Next To BMTC Bus Stand, Banashankari, Bangalore",3.8,Banashankari,300.0,excellent,,
Dal Tadkaa,"1, Kathriguppe Main Road, 3rd Stage, Banashankari, Bangalore",2.5,Banashankari,500.0,bad,,"dal tadkaa,stuff kulcha,dal-bati churma,paneer butter masala,garlic naan,dal makhni,kulfi,moong ka halwa"
360 Atoms Restaurant And Cafe,"47, 48 &49, 3Rd Floor, 21st Main Road, 2nd Stage, Banashankari, Bangalore",3.1,Banashankari,400.0,friends-hangout,,"white sauce pasta,pizza,garlic bread stick,momos"
New Imperial Restaurant,"39/3C, Banashankari, Bangalore",3.7,Banashankari,450.0,bad,,"nonveg spl thali,kushka,Kabab,Chicken Tikka,Biriyani rice,ghee rice,Mutton Kadai,tandoori chicken,grilled chicken,butter chicken,dal"
The Vintage Cafe,"146, 50 ft Road, 3rd Phase, 3rd Stage, Near Katriguppe Water Tank Circle, Banashankari, Bangalore",3.0,Banashankari,400.0,bad,,"Chikmagalur Filter Coffee,Strawberry Milk Shake,Iced Tea,veg cheese corn sandwich,paneer burger,pizza"
Green Gardenia,"376, 1st Floor, Tripura Arcade, MK Puttalingaiah Road, Above SBI Bank, Banashankari, Bangalore",3.8,Banashankari,700.0,,,
Parimala Sweets,"1142, 22nd Cross, 30th Main, Banashankari, Bangalore",3.5,Banashankari,200.0,,,"samosas,cham cham,jahangeer sweets,Rasgullas"
Vaishali Deluxe,"512, 2nd Cross, 3rd Stage, Banashankari, Bangalore",3.8,Banashankari,700.0,,,"Tandoori chicken,Special chicken dry"
Paradise Premium,"224/Y, 100 Feet Ring Road, 7th Block, 3rd Stage, Banashankari, Bangalore",3.1,Banashankari,700.0,,,garlic chicken
Kadala Tarangaa,"27, 27th Cross, 1st Floor, Kadamba Complex, 2nd Stage, Banashankari, Bangalore",3.6,Banashankari,600.0,,,"Fish Sambar,Chicken Ghee Roast,Fish Anjal,Bangda,Mutton Fry,Chicken Tandoori,Chilli Chicken,Baby Corn Manchurian,Ghee Roast with Neer Dosa,Chicken Biryani,Fish Meal"
Vi Ra's Bar and Restaurant,"3828, Near Deve Gowda Petrol Bunk, 30th Cross, 3rd Stage, Banashankari, Bangalore",3.3,Banashankari,800.0,,,
Sri Yaksha Shiv Sagar,"940, 20th Main, Opposite South Entrance, BDA Complex, Banashankari, Bangalore",3.6,Banashankari,600.0,friends-hangout,,"dal kichadi,faluda,Hyderabadi briyani,Kasmiri briyani,Paneer fried rice,Chinese,North Indian Currys,tandoori,palak fried rice"
Nandhini Deluxe,"304, Opposite Apollo Public School, 100 Feet Ring Road, 4th Phase, 7th Block, Banashankari 3rd Stage, Bangalore,",2.6,Banashankari,600.0,excellent,,"Biryani,south Indian meals"
Corner Stone,"294, 100 Feet Road, Next to Mane Thindi Hotel, Near Deve Gowda Petrol Bunk, 3rd Stage, Banashankri, Bangalore",3.6,Banashankari,300.0,cozy,,"burgers,pizzas,strawberry milkshake,chocolate milk shake,fries,scoop,watermelon juice,gobi manchurian,fried rice,noodles,fresh juice"
Karavali Fish Center,"715, Hari Complex, 22nd Cross KR Road, 2nd stage, Banashankari, Bangalore",3.4,Banashankari,300.0,,,"fish curry with red rice,Chicken biryani,Crab Sukka,Anjal Tawa fry,Bangada fry,Fish Kabab (BL),Chicken Kabab,Chicken fried rice,Anjal fry"
Ayda Persian Kitchen,"34, 22nd Main, 22nd Cross, Opposite BDA, 2nd Stage, Banashankari, Bangalore",3.7,Banashankari,950.0,rustic and beautiful,,"joojeh,kobideh,hasiri,kabab sheshliks,korma sabzi,hummus,mast mosar,joojeh lohmei"
J Spice,"632/A, 24th Cross, 2nd Stage, Banashankari, Bangalore",3.8,Banashankari,750.0,ok,,butter chicken
Swadesh Tadka,"101, Manjunatha Complex, Near BDA Complex, 22nd Main, 2nd Stage, Banashankari, Bangalore",3.5,Banashankari,600.0,family-friendly,,"Veg biryani,Gulab jamun,paneer curry"
Iyer's Tiffin Centre,"38/2, 1st Main, Mount Joy Extension, Hanumanthanagar, Girinagar, Banashankari, Bangalore",3.8,Banashankari,150.0,bad,,"chapathi,Tomato rice bath,idli vada,masala dosa,kesari bath,filter coffee,Akki rotti,methi roti,uddin vada,avalakki bath,bisibelebath,Khali Dose,Kesari bath,Jamun"
Kydz Adda,"2nd Floor, 980, 13th Cross, 2nd Stage, Banashankari, Bangalore",3.4,Banashankari,500.0,kid-friendly,,"French fries,sandwich,Mac and cheese"
K27 - The Pub,"27, 27th Cross, 2nd Stage, Banashankari, Bangalore",3.1,Banashankari,1.0,bad,,"panner ghee roast,palak panner,Chicken uruwal,Egg Pakora,Tandoori Roti,Egg masala,Chicken Kolhapuri,chicken drumstick,egg fried rice"
Kotian Karavali Restaurant,"1189, 10th Cross, Shankarnag Circle, 1st Stage, 2nd Block, Banashankari, Bangalore",3.5,Banashankari,300.0,bad,,"neer dosa,anjal masala fry"
Food Box Cafe,"24, 5th cross, 7th Main Road, Dwarkanagar, near Pesit College, Hosakerehalli, Bangalore, Banashankari",3.6,Banashankari,500.0,,,
Hide Out Cafe,"775/1, Opposite Gupta Collage, 7th Block, 3rd Stage, Banashankari, Bangalore",3.7,Banashankari,300.0,friends-hangout,Yes,"chicken,eggfried rice,fries,Hookah,Cheese potato kurkure,Chicken nachoes"
CAFE NOVA,"101, Water Tank Road, 2nd Block, 3rd Stage, Banashankari, Bangalore",3.2,Banashankari,600.0,excellent,,"pasta,banana coffee,hot chocolate with mint,sausage,nuts sundae,Hazelnut Cappuccino,Irish toppings"
Darbar,"1, Near BDA Complex, 24th Main, 2nd Stage, Banashankari, Bangalore",3.0,Banashankari,800.0,friends-hangout,,"chicken appetizers,fried rice,biryani"
Sri Ganesh Juice and Chats,"173, 5th Main, Avalahalli Extension, Near Girinagar, Banashankari, Bangalore",3.5,Banashankari,150.0,,,"dry fruits Bhel puri,Chinese masala puri,masala puri,ragda paettice,Juice"
Manifest Cafe,"#9, 5th Cross, 7th Main, Dwaraka Nagar, Near PESIT College, Hosakerehalli, Banashankari 3rd Stage, Bangalore",3.5,Banashankari,500.0,friends-hangout,,
Beijing Bites,"186, 16th Main, 24th Cross, 2nd Stage, Banashankari, Bangalore",2.7,Banashankari,850.0,excellent,,"veg fried momos,chicken Hakka noodles,chilli chicken gravy,sweet and sour coleslaw"
The Pizzeria,"1112, 30th Main,Teachers Layout, Next to SBI Bank, 3rd Stage, Banashankari, Bangalore",2.8,Banashankari,800.0,friends-hangout,,few selected pizzas
Sri Krishna Sagar,"22nd Cross, 22nd Main Road, 2nd Stage, Near BDA Complex, Banashankari, Bangalore",3.2,Banashankari,400.0,,,"roti,Paratha,Dal fry,good,awesome,Paneer Kadai,veg fried rice,ghee rice"
Lassi Stop,"11,12, 80 Feet Road, Behind Reliance Fresh, Banashankri, Bangalore",3.4,Banashankari,150.0,,,"Lassi,mud coffee,faluda ice Cream,french fries,moheto,aloo tikki,death by chocolate crispy corn"
Sea Green Cafe,"1036, Srinidhi Plaza, 3rd floor, Above Nilgiris, Stage 2, Banashankari, Bangalore",3.3,Banashankari,500.0,excellent,,"Chicken Pakoda,Crispy Fried Chicken"
As On Fire,"75, 21st Main Road, Siddanna Layout, 2nd Stage, Banashankari, Bangalore",3.5,South Bangalore,400.0,friends-hangout,,"Masala Madness Pizza,BBQ,chocolate shake,magic mushroom,thin crust pizza,Chicken Drumsticks,chicken wings"
Pizza Hut,"14, 100 Feet Ring Road, 6th Block, 3rd Stage, Banashankari, Bangalore",3.7,Banashankari,750.0,,,"pizza exotica,pizza italiano,volcano cakes"
New Prashanth Hotel,"43/2, 100 Feet Road, Kamakya Complex, 3rd Stage, Banashankari, Bangalore",3.9,Banashankari,650.0,,,"mudde with two kinds of curry,chicken kabab,mutton Keema balls,mutton chops"
Taaza Thindi,"115, 100 Feet Ring Road, Kathriguppe, Banashankari, Bangalore",4.7,Banashankari,100.0,excellent,,"khaara bath,uddina vada,Masala Dosa,Kesari Bath,Idli,Vada,Chow Chow Bhath,Tea,Coffee"
Ayodhya Upachar,"199/1, Ajanaya Bhavana, 100 Feet Ring Road, Kathriguppe, Banashankari, Bangalore",4.3,Banashankari,200.0,bad,,"Curd Vada,Masala Dosa,Rava Idli,Tomato soup,Noodles,Naan,Kaju masala,Capsicum masala,Kulcha,Gobi Manchurian,Paneer butter masala,North Indian thali,Mushroom chilly,Butter khulcha,Mushroom masala,Veg fried rice"
Petoo,"276, Ground Floor, 100 Feet Outer Ring Road, Banashankari 3rd Stage, Banashankari, Bangalore",3.7,Banashankari,450.0,,,masaledaar chole
Roving Feast,"78, 21st Main Road, Near BDA Complex, 2nd Stage, Banashankari, Bangalore",4.0,Banashankari,450.0,friends-hangout,,"momos,Chilli noodles,Egg Fried rice,crispy chilli chicken,veg momos,paneer Momos,white sauce pastas,arrabiata pastas,schezuan fried rice,nachos,chicken roll,chicken hakka noodles,momo Manchurian,Russian salad"
KFC,"1, 80 Feet Road, 6th Block, 3rd Stage, Banashankari, Bangalore",3.8,Banashankari,450.0,excellent,,"chicken,chicken popcorn"
Five Star Chicken,"484/A, 1st Stage, 2nd Block, 4th Main Rd, SBM Colony, Seetha Circle, Banashankari, Bangalore",3.6,Banashankari,200.0,bad,No,"popcorn,Chicken pieces,Italian hotdog,Wings,Puri puri chicken fry,Chicken roll,Chicken items"
Gama Gama,"17, Ground Floor, Near Big Bazar, 100 Feet Ring Road, 3rd Stage, Banashankari, Bangalore",3.9,Banashankari,200.0,peaceful,,"Talipattu,Girmit,Sabudhana Vada,Millet Taalipattu,Shenga Holige,Jolad Rotti,Brinjal Palya,Holige,Mirchi Bajji"
Hotel New Karavali,"89, Behind Venkateshwara Bar, Near PES College, 1st Stage, Banashankari, Bangalore",3.8,Banashankari,300.0,bad,,"chapathi,sukka,fish masala fry,fish curry,Chicken 65,fish thali,egg fried rice"
McDonald's,"2466, Bhaskar Grand Tower, 24th Cross, Opposite BDA Complex, Banashankari, Bangalore",3.9,Banashankari,500.0,friends-hangout,,"burger,coke,fries,coffee,ice cream"
Sri Laxmi Venkateshwara Coffee Bar,"187, 16th Main, 24th Cross, 2nd Stage, Banashankari, Bangalore",4.4,Banashankari,100.0,friends-hangout,No,"Idli,Vada,Chutney,Masala Dosas,Khara baath,Bisi Bele Baath,Coffee,Maddur Vada,Chow Chow Bath"
Bhattara Bhojana,"855/A, 5th A Cross,10th Main Road, Srinivasanagar, Towords Maruthi Circle, Banashankari, Bangalore",3.6,Banashankari,150.0,,,
Davanagere Benne Dose Hut,"Shop 97, 22nd Main Road, Near Banashankari BDA complex, Banashankari Stage II, Banashankari, Bangalore",3.4,Banashankari,100.0,excellent,Yes,"beNNe dose,Idly,Open Benne Dosa"
Utsav Restaurant,"38/A, Mount Joy Road, Hanumanthnagar, Behind BMS College, Banashankari, Bangalore",3.8,Banashankari,300.0,excellent,,"Harabara kabab,Malai kofta,Plain roti,garlic naan"
Messy Bowl,"24 th cross, 15th Main Road, Siddanna Layout, Banashankari Stage II, Banashankari, Bangalore",3.8,Banashankari,500.0,excellent,,"Vegetable Masala Maggi,Paneer jeera rice sizzler,Chilly Garlic Maggi,peri peri Maggi,panner sizzler,nachos,garlic fries,tandoori maggie,Nachos platter,Mexican fries,Paneer chilli sizzler,Lasagna maggi,Creamy burst pasta,tandoori Maggi,Ginger mojito,schezwan Maggi"
Devanna Dum Biriyani Centre,"16th Main Road, Near PESIT College, Banashankari, Bangalore",3.6,Banashankari,300.0,bad,,"biriyani,kebab,Chicken meals,chicken kabab,Paratha curry"
Janahaar,"162 , Kathreguppe Cross Road, 3rd Stage, Banashankari, Bangalore",3.8,Banashankari,100.0,family-friendly,,"Halbai sweet,Vada,Masala Dosa,Idly,Medu,Coffee,Crispy Vada,Khali Dosa,Masale Dosa,Paddu,Pongal,Idli,Khara Bath,Kesari Bath"
Stop 'N' Joy,"30, 7th Cross, Dwaraka Nagar, Banashankari, Bangalore",3.8,Banashankari,150.0,friends-hangout,,"bun samosa,cold coffee,bread omelette,banana shake,Oreo shake,cheese Maggi,Capsicum sandwich"
Dodda Mane Baaduta,"3313, Vishwabharati Layout, 80 Feet Road, Girinagar, 4th Phase, Stage 3, Banashankari, Bangalore",3.5,Banashankari,250.0,,,"biriyani,Mutton biryani,chicken biryani,lever fry,lemon chicken,thandoori chicken,Kalmi kabab"
Chickpet Donne Biryani House,"520, Nagendra Block,Hanumanthnagar, 50 Feet Road, Near PES College, Bank Colony, 1st Stage, Banashankari, Bangalore",3.8,Banashankari,250.0,average,,"chicken biryani,pepper chicken,chicken lollipop"
Brahmin Cafe,"6, 10th Main, Opposite Post Office, 2nd Block, SBM Colony, Banashankari, Bangalore",3.8,Banashankari,150.0,friends-hangout,,"upittu,benne khali dosa,Khaali Dosa,masala Dosa,Vada,shavige bath,ginger coffee"
Chumma Delicious,"412, 1st Cross, Vidyapeeta Road, 3rd Stage, Banashankari, Bangalore",3.7,Banashankari,200.0,good,,tiffin
Udupi Upachar,"5 Zaina Towers, 9th Main Yarab Nagar Main Road Banashankari, Bangalore",3.3,Banashankari,500.0,,,Udupi upachar
Bengaluru Coffee House,"4001/4002, Annapoorneshwari Plaza, Near Seetha Circle, Hosakerehalli Cross, Banashankari, Bangalore",4.1,Banashankari,300.0,,,"Pongal,curd raitha,idlis,coffee,masala dosa,Gobi Manchurian,fried rice,kesari bhath,neer dosa"
Foodiction,"2/1, 7th Main, Dwarakangar, Hosakeregalli, Banashankari, Bangalore",2.8,Banashankari,500.0,bad,,"chicken butter masala,peas pulav,kaju masala,butter chicken,biryani,chicken curry,burgers,veg noodles,chicken tikka,fish fingers,Paneer"
The Biryani Cafe,"476, 2nd Floor, 9th Cross, Avalahalli BDA Park, BSK 3rd Stage, Banashankari, Bangalore",4.1,Banashankari,300.0,decent,,"Paneer fry,mint cooler,chicken Basmati biryani,Biryani Cafe Chicken Fry,Donne Biryani,Dum Biryani,jeer rice Biryani,egg chilli,kothu poratta,paneer special fry,mushroom fry"
Banashankari Donne Biriyani,"218/1,11th Main, 50 Feet Road, Hanumanthnagar, Banashankari, Bangalore",3.8,Banashankari,300.0,,,
Addhuri Udupi Bhojana,"1st Floor, Annakuteera, 3rd Stage, Banashankari, Bangalore",3.7,Banashankari,300.0,good,No,"dosa,holige,pineapple pickle/chutney,masala dosa,pulka,pulav,veg rice bath,sambar,rasam,daal,tambali,holige,payasam,mango soup,Pongal,kai holige"
Vasanth Vihar - Since 1965,"78, Nagendra Block, Giri Nagar, II Phase, Banashankari,Bangalore",3.6,Banashankari,150.0,,,"South Indian breakfasts,wheat pongal,Udupi style kotte kadubu,masala dosa,onion dosa"
Subway,"186, 16th Main, 24th Cross, 2nd Stage, Banashankari, Bangalore",3.7,Banashankari,600.0,good,,subs
SGS Non Veg - Gundu Pulav,"57, Kadirenahalli Road, Banashankari, Bangalore",3.8,Banashankari,400.0,,,"chicken biryani,non spicy Pulav,pulav,pepper salt,Fish kabab"
Udupi Ruchi Grand,"6th Block, 3rd Stage, Banashankari, Bangalore",4.2,Banashankari,200.0,excellent,,"bhel puri,Pav bhaji,paneer tikka masala"
Hotel Mangala,"Hotel Mangala, 10th Main, Pipeline Road, Hanumanth Nagar, Banashankari, Bangalore",3.9,Banashankari,250.0,,,"kali dosa,bisibele bath,Khali Dosa,Rave Vade,watery chutney"
Simple Thindies,"2/B J P Road, Girinagar I Phase, Banashankari, Bangalore",3.5,Banashankari,200.0,,,"Kharabath,Maddur Vada,Masala Dosa,coffee,Idli,Vada,Mandakki,medu wada,mirchi bhajiya,chow chow bath,filter coffee"
Rolls On Wheels,"8, 1st Main, Mount Joy Road, Hanumanth Nagar, 2nd Stage, Banashankari, Bangalore",3.4,Banashankari,300.0,,,"combos,rolls,momos,starters"
Chilli Flakes,"Opposite BNM School, Near BDA complex, Banashankari, Bangalore",3.6,Banashankari,500.0,,,"Corn Spinach & cheese sandwich,Smoked Burger,Momos"
Kababs N Biryani,"406, 2nd Cross, Vidyapeeta Layout, Banashankri, Bangalore",3.4,Banashankari,200.0,,,"Chiken Biriyani,egg paroto,kababs,kothu parrota"
Udupi Ruchi,"31/1, Puttalingaiah Road, Second Stage, Bangalore, Banashankari, Bangalore",3.9,Banashankari,200.0,,,
SLV Swadishta,"76, 21st Main Road, 2nd Stage, Banashankari, Bangalore",3.8,Banashankari,300.0,,,
Kolbeh,"1430, 22nd Cross, Next To Coffee Day, Near BDA Complex, Banashankari, Bangalore",3.7,Banashankari,500.0,family-friendly,,"burger,sandwich,french fries,kolbeh burger,lamp burger"
Kolkata Kathi Roll's,"2/1,7th Main, Dwarakangar Hosakerehalli, Banashankari, Bangalore",3.6,Banashankari,250.0,bad,No,"egg paneer rolls,veg roll,chicken roll,gobi roll,egg chicken roll"
Mylari Biryani Family Restaurant,"198, 2nd Block, 3rd Stage, Outer Ring Road, Banashankari, Bangalore",3.7,Banashankari,400.0,,,"mutton biriyani meal,chicken biriyani meal,biriyani kabab"
Upahar Sagar,"727, 23rd Cross, KR Road, 2nd Stage, Banashankari, Bangalore",3.8,Banashankari,350.0,bad,Yes,"masala puri,sev puri,mix chats,bisi bele bath,chow chow bath,triple fried rice,masala dosa,paneer tikka Masala,kulcha,Madila Dosa,Dal fry,Jeera rice,Idli,vada,gobi manchuri,North Indian thali,fried rice,biriyani"
Domino's Pizza,"645, 1st Floor, 24th Cross, 24th Main, 2nd Stage, Banashankari, Bangalore",3.9,Banashankari,800.0,family-friendly,,"veg loaded,zingy parcel,single topping pizza,Panner onion,capsicum,white sauce pasta,garlic bread,cheese burst pizza,chocolate lava cake"
New Sagar Fast Food,"12/6, 80 Feet Road, 1st Stage, Srinivasnagar, Bank Colony, 1st Stage, Banashankari, Bangalore",3.6,Banashankari,250.0,,No,"South Indian food,Gobi Manchurian"
Namma Biryani,"1111, Near KIMS, 30th Main Road, Siddanna Layout, Stage 2, Banashankari, Bangalore",3.6,Banashankari,250.0,bad,No,"briyani,non veg items,grill chicken,porattas,chicken combo thali"
Parama Ruchi,"Near NU Hospital Padmanabha Nagar, Banashankari, Bangalore",3.5,Banashankari,300.0,,,
Thrilok Restaurant,"40, 4th Cross, 14th Main, Maruthi Circle, Hanumanth Nagar, Banashankari, Bangalore",3.4,Banashankari,350.0,,,"seer fish,masala fry,kori roti,ragi mudde with curry,prawns fry"
Meat And Eat,"21/22, 24th Main 50 Feet Road, T block, Girinagar, Banashankari, Bangalore",3.5,Banashankari,500.0,,,
Ande Ka Funda,"9/1, Behind BMS College Hostel, Hanumantha Nagar, Banashankari, Bangalore",3.8,Banashankari,250.0,,,"rolls,parathas"
Dakshin Grand,"2, Subramanyapura, Kadirenahalli Overbridge Junction, 2nd Stage, Banashankari, Bangalore",3.0,Banashankari,300.0,,,
Chicken Hunt,"222, 100 Feet Road, Near Kathriguppe Signal, Opposite Udbav Hospital, 6th Block, 3rd Stage, Banashankari, Bangalore",3.5,Banashankari,350.0,bad,,"roast chicken,schezwan chicken fried rice,chicken manchurian,chicken tandoori,Kalmi,butter chicken,Punjabi chicken,Kebabs,Tandoori,Grilled chicken,Reshmi Kebab,Zafrani Kebab"
Maruthi Davangere Benne Dosa,"556/A, Water Tank Road, 3rd Stage, Banashankari, Bangalore",4.0,Banashankari,150.0,,,"benne dosas,benne masala dosa,benne kaali,tea"
Pizza Stop,"2454, 17th E Cross, 9th Main, 2nd Stage, Banashankari, Bangalore",3.0,Banashankari,600.0,average,,
Madhappa Hindu Military Hotel,"80 Feet Road, Hosakerehalli Cross, B S K 3rd Stage, Banashankari, Bangalore",3.4,Banashankari,300.0,bad,,starters
Krishna Sagar,"38, 22nd Main, 22nd Cross, Opposite BDA, 2nd Stage, Banashankari, Bangalore",3.5,Banashankari,200.0,bad,,"panner butter masala,thali,idli,bhindi masala,panner kolhapuri,butter chapati"
Hanumanthanagar Biryani Junction,"Opposite SVC Bank, Mount Joy Road, Hanumanth Nagar, Banashankari, Bangalore",3.5,Banashankari,300.0,bad,,"biryani,kebabs,parotas,Butter chicken,pepper chicken,Chicken Biryani"
Faasos,"80, BDA Complex, 2nd Stage, Banashankari, Bangalore",4.2,Banashankari,500.0,bad,,"navratri special thali,kuttu aloo parantha,sweet n sour Petha sabzi,paneer sabzi,raita,kheer,Jumbo Chicken Wrap,Cheese Melt Chicken Wrap,kulchas,spicy chhole,chicken tikka wrap,paneer makhanwala,sabudana vada,sabudana khichdi,falafel wrap,masala potato wrap,chicken keema tikki wrap,Jumbo chicken rice feast"
Rasoi,"86, Shakthi Arcade, 21st Main, 2nd Stage, Near KIMS College and BDA Complex, Banashankari, Bangalore",3.3,Banashankari,300.0,,,
SLV Refreshment,"130, 3rd main, 4th Cross, Hanumanthanagar, Banashankari, Bangalore",4.1,Banashankari,100.0,family-friendly,,"medu vada,getti chutney,idli,masala dosa,kesari bath,khara bath,ghee rice,tea,coffee,milk,masale dose,vade chutney,kharabath,kesribath,chutney"
Kaggis,"50 Feet Road, Hanumanthanagar, Banashankari, Bangalore",3.8,Banashankari,250.0,,,"veg puff's,paneer pizza piece"
Chatar Patar,"24/1, 23rd Cross, 6th Main Road, Opposite Kaveri Grameena Bank, 2nd Stage, Banashankari, Bangalore",3.7,Banashankari,300.0,,,"corn and mayo sandwich,dahi papdi chat"
Seven Star,"23/35, 7th Cross, Dwarakanagar, Hosakerhalli, Banashankari, Bangalore",3.4,Banashankari,250.0,,,
SVKP Daily Fresh,"240, 9th Main, Srinivasanagar, Banashankari, Bangalore",3.3,Banashankari,350.0,,,"chapati,idly"
Kidambi's Kitchen,"2465, 3rd Floor, Opposite BDA Complex, 24th Cross, Banashankari, Bangalore",3.5,Banashankari,300.0,pleasant,No,"beetroot palya,heerekai kootu,kosambari,chutney,chapati,puliyogere,chilly bajji,papad,curd,buttermilk,shavige paaysa,rice,rasam,sambar,majjige huli,pooriy,saaru,payasa,khara kolombu"
Ruchi's Corner,"186, 24th Cross, 2nd Stage, Banashankari, Bangalore",2.7,Banashankari,200.0,bad,No,
Tandoori Knight,"34, 22nd Main, 22nd Cross, Opposite BDA, 2nd Stage, Banashankari, Bangalore",3.0,Banashankari,450.0,bad,,"chicken Biriyani,grilled chicken,roti,egg burji"
Utsav,"46, 80 Feet Road, 3rd Stage, Banashankari, Bangalore",3.7,Banashankari,200.0,,,
Mane Thindi,"295/A, 7th Main road, 7th Block, 3rd Stage, Banashankari, Bangalore",3.7,Banashankari,200.0,bad,No,"jumbo thindi,Ghee dosa,Averakalu dosa,Open dosa,bread dosa,idli,vada,kesaribath,karabath"
Fast And Fresh,"32, 7th Main Road, Dwaraka Nagar,Near PES College, Banashankari, Bangalore",2.8,Banashankari,400.0,,,
New Gowda's Fried Chicken,"4th Cross Road, Byatarayanapura, Srinagar, Banashankari, Bangalore",3.3,Banashankari,300.0,,,"kabab,mutton biryani"
Juicy Momos,"32, 22nd Cross, 22nd Main, 2nd Stage, Near BDA Complex, Banashankari, Bangalore",3.5,Banashankari,250.0,bad,,"paneer Momos,Paneer Pan fried momos"
Donne Biriyani House,"4009, 80 Feet Road, 4th Phase, Banashankari, Bangalore",3.9,Banashankari,400.0,,,"Biriyani,kushka,kabab,chilly chicken,Pepper chicken"
Srinagar Kabab Corner,"213, 13th Main, Srinagar, Banashankari, Bangalore",3.4,Banashankari,250.0,,,
Sri Venkateshwara Chat Centre,"487, Kavery Complex, 2nd Main, Bank Colony Bus Stop, Srinivasnagar, Banashankari, Bangalore",3.5,Banashankari,100.0,bad,,"Masala Puri,Sev Puri,Aloo Puri,Dahi Puri,Bhel Puri,Pani Puri"
Vinay Bhel Corner,"Opposite Avalahalli BDA Layout Bus Stop, 50 Feet Road, Muneshwaram, Banashankari, Bangalore",3.4,Banashankari,100.0,friends-hangout,,"tikki puri,Bhel puri,Nippat Masala,Tomato slice,hot n masala puri"
Spice 9,"Number 42, 4th Block, 6th Stage Banashankari, Vrishabhvachi Nagar, Opposite RV College of Architecture, Bangalore",3.4,Banashankari,300.0,,,"Paneer Rolls,Chicken Fried Rice,shawarma roll,chicken 65,Chicken Dum Biryani,Chicken Kolapuri"
Naveen Kabab  Biriyani Mane,"2, 3rd Cross, Near Pesit College, Banashankari, Bangalore",3.2,Banashankari,300.0,,,
Nandi Chats and Juice,"1142, 22nd Cross, 30th Main, 3rd Stage, Banashankari, Bangalore",3.6,Banashankari,150.0,,,"Masala Puri,Dahi Puri,Alu Puri"
Atithi Point Ande Ka Funda,"7/1, Behind BMS College Hostel, 80 Feet Road, 1st Stage, Srinivas Nagar Bank Colony, Banashankari, Bangalore",3.1,Banashankari,150.0,bad,,"egg Maggie,aloo paratha,parathas,egg roll"
Just Shawarma,"35, 22nd Main Road, Opposite BDA Complex, 2nd Stage, Banashankari, Bangalore",3.8,Banashankari,300.0,,,shawarma
Aramane Donne Biryani,"4, Gangamma Temple Street, Vidyapeeta, Banashankri, Bangalore",3.1,Banashankari,200.0,,,"Chicken Biryani,guntur chicken,chicken biryani,chicken kebab"
FOOD ADDA,"85, PES College Road, Nagendra Block, Stage I, Banashankari, Bangalore",3.2,Banashankari,200.0,good,,classic fries
New Mangalore Lunch Home,"89, Near PES College, 22nd Main Road, Girinagar, 1st Stage, Banashankari, Bangalore",3.3,Banashankari,200.0,,,
Hotel Nisarga,"56, 1st Floor, Muneshwara Block, 50 Feet Road, Girinagar, Banashankari, Bangalore",3.2,Banashankari,250.0,,,
Coffee Bytes,"10th Main, Hanumanthanagar, 50 Feet Road, Phase 1, Banashankari, Bangalore",3.1,Banashankari,100.0,,,"masala dosa,idli,idly Vada,Kharabath,Kesari bath,Coffee"
Parjanya Chat Zone,"68, Opposite ICICI Bank, 21st Main Road, 2nd Stage, Banashankari, Bangalore",3.3,Banashankari,200.0,bad,,"sandwich,KitKat Milkshake,potato-on-a-stick,ginger tea,ginger lemon tea,gulab jamun,Kodbale masala,boti masala,nippat masala,moong dal masala,bangarpet pani puri,hindupur Sandwich,malnadu coffee,vadapavs,peri peri fritato"
Yo Roll Corner,"701, 2nd Cross, Ashok Nagar, 3rd Stage, Banashankari, Bangalore",3.0,Banashankari,200.0,friends-hangout,No,"rolls,chicken rolls"
New Quality Dum Biryani,"106/729, 80 Feet Road, Hoskerehalli Cross, 3rd Stage, Banashankari, Bangalore",3.1,Banashankari,200.0,,,lemon rice with chicken pieces
Sri Lakshmi Kabab Center,"Shankarnag Circle SBM Colony 1st Stage, Banashankari Bangalore, Bengaluru",3.3,Banashankari,200.0,,,
Tasty Bites,"32, KK Plaza, 3rd Main Road, Near Canara Bank, Hanumanthnagar, Banashankari, Bangalore",3.7,Banashankari,150.0,,,"chicken hakka noodles,grill pizza,baby corn finger fries,cheese shots"
Raams Chicken,"15/5, Near ITI Layout Bus Stop, Kathriguppe Main Road, 3rd Stage, Banashankari, Bangalore",3.6,Banashankari,300.0,,,"kushka,chicken fry,tandoori chicken,grilled chicken,Donne biryani,biriyani,Kerala porota"
Panchami,"1632, 80 Ft Road, Srinivasnagar, Bank Colony, Banashankari, Bangalore",3.0,Banashankari,300.0,bad,,"paneer butter masala,tandoori rotis,Masalapuri,Mango milk shake"
VEGeatz,"28/12/2, 3rd Main Road, Mountjoy Extension, Hanumantanagar, Banashankari, Bengaluru",3.4,Banashankari,200.0,bad,,
Grand Food,"6/1, Anjaneya Nagar, 100ft Ring Road, Banashankari 3rd Stage, Banashankari, Bangalore",3.4,Banashankari,250.0,bad,,Benne Masal dosa
Matru Sagar,"Shubashree Complex, 50 Feet Road, 1st Stage, Hanumanthanagar, Near Girinagar, Banashankari, Bangalore",3.6,Banashankari,250.0,friends-hangout,,"Masala dosa,coffee,north indian thali,chinese manchurian,Paneer chilly,roti,Kaju masala,paneer butter masala,Idlis,pav bhaji,masala puri,Idly Sambar,gobi manchuri,baby corn manchuri,Paneer Butter Masala,idlis,dosas,bonda soup,kesari,kharabath,carrot halwa,kaashi halwa,bondas,bhajjis,sandwiches,milkshakes,ice creams,Manchurians,fried rice,chat items"
Kavali,"Chennammana Kere, Kathreguppe, Banashankari, Bangalore",4.0,Banashankari,300.0,,,"avrekal dosa,all types of dosas,Corn dosa,butter masala dosa,open butter dosa,chili cheese dosa,palak methi dosa,momos"
Bunt's Biriyani Palace,"487, 80 Feet Road, Bank Colony, 1st Stage, Banashankari, Bangalore",3.0,Banashankari,400.0,,,"prawns fry,chicken biriyani,fish tikka,Biryani,Nepali Chicken,pepper chicken,kori rotti,neer dosa,chicken sukka,chicken leg roast,kalmi kabab,pompfret masala fry,anjal rawa fry,silver fish,chili chicken,Gobi Manchurian,leg roast,neer dosa and mangalore chicken curry"
Funjabi Curries,"476, 2nd Floor, 9th Cross, Avalahalli, Banashankari, Bengaluru",2.9,Banashankari,500.0,,,
Udupi Upahar,"No.1585, 22nd Main,Banashankari 1st Stage",3.8,Banashankari,300.0,,,"vada,onion dosa,masala dosa,uthapam,idly,Gobi Manchuria,Paneer butter masala,Dosas,idli"
Ranganna Military Hotel,"61, 1st Floor, KR Road, 7th Block, Jayanagar, Bangalore",4.2,Jayanagar,350.0,family-friendly,,"Boti fry,kal soup,biryani,traditional thalemamsa Fry,Keema ball,paratha,fish fry,mutton fry,Ceylon parrot,ragi ball,mutton biryani,chicken kababs,chilli chicken,idly,plain soup,chicken pulav,paya,dosa,kebab,parrota"
Roti Ghar,"17, Gandhi Bazaar Main Road, Basavanagudi, Bangalore",3.9,Basavanagudi,500.0,bad,,"Puran poli,ghee roast Mysore masala dosa,Puliyaogare,curd rice,roti paneer combo,manchurians,panner chilly,pepper fried corn,Paneer Manchurian,Veg Kofta,Veg Sweet Corn,Butter Kulcha,fried rice,ice creams"
Grand Village,"10, 3rd Floor, Lakshmi Associates, Gandhi Bazaar Main Road, Above Reliance Trends, Basavanagudi, Bangalore",3.8,Basavanagudi,600.0,family-friendly,,"Jaljeera,buttermilk,chat papdi,bhajiya,dosa,pav bhaji,noodles,curries,kulcha,roti,Jalebies,gulab jamuns"
Vidyarthi Bhavan,"32, Gandhi Bazaar, Near Gandhi Bazaar Circle, Basavanagudi, Bangalore",4.4,Basavanagudi,150.0,crowded,No,"masale dosa,Khara Baath,filter coffee,Rava vada,idly,Kesaribath,poori,uddi vada,spicy chutney,Kesari bath"
Bharjari Oota,"18, Gandhi Bazar Main Road, Roti Ghar, Basavanagudi, Bangalore",3.9,Basavanagudi,350.0,,,"small hot dosas,masala dosas,coconut chutney,dates holige,cucumber and sweet corn kosambri,pomegranate sprinkled curd rice,Soup,Kai holige,cucumber salad,corn salad,pineapple curry,Pulka,Pulav,lemon rice,White rice,Sambar,rasam,Fries,curd rice,Ice cream"
Gokul Veg,"1st Floor, GR Plaza, DVG Road, Near Gandhi Bazaar circle, Basavanagudi, Bangalore",3.8,Basavanagudi,750.0,,,"masala papad,mushroom 65,babycorn chilli,paneer butter masala,naans,curd rice"
SLV Corner Restaurant,"42, Vani Vilas Road, Ramakrishna Ashrama Circle, Basavanagudi, Bangalore",4.1,Basavanagudi,550.0,basic,,"dosa,idli sambar,vada,poori,masala dosa,idly chutney dip,idly sambhar dip,rava idly,bisi bele bath,filter coffee"
Timepass Dinner,"37, 5-1, 4th Floor, Bosco Court, Gandhi Bazaar Main Road, Basavanagudi, Bangalore",3.8,Basavanagudi,600.0,family-friendly,,"soups,babycorn starters,butter naan,kadai panner,veg kohlapuri,pease pulav"
Baisakhi,"160, Gandhi Bazar Main Road, Basavanagudi, Bangalore",3.8,Basavanagudi,500.0,excellent,,"paneer satay,paratha thali,tandoori aloo parathas,black Channa,pickle,Raitha,Amritsari kulcha thali,chole,thick curd,onions,lemon slices,mint chutney,sweet lime soda"
Eat Repeat,"13, 4th Cross Road, NR Colony, Basavanagudi, Bengaluru",3.9,Basavanagudi,150.0,average,,"Sweet Pongal,Rice-Majjigehuli,Puliyogare,Masala Majjige,ambode,khara pongal"
Sri Guru Kottureshwara Davangere Benne Dosa,"49/1, Subbaraoshetty Road, Netkallappa Circle, Basavanagudi, Bangalore",4.1,Basavanagudi,150.0,bad,,"Benne Masala Dosa,Girmittu,set Dosa,Mirchi,flitter coffee,opened dosa,paddu,khali dosa,Butter kali dosa,Chilli Bhajji,filter kaapi,benne dosa,salty coconut chutney,mashed potatoes"
Bridgeway,"11/1, Satellite Bus Stand, New Guddadahalli, Mysore Road, Bangalore",3.8,Mysore Road,550.0,family-friendly,No,"butter chicken,paneer butter masala,kababs,biriyani,lemon soda,Chicken lollipop,Kerala parota,Chicken Biryani,Chicken Noodles,Tandoori Chicken,fried rice,Chicken curries,Tandoori items,Jeera rice"
Srinathji's Cafe,"112, Bull Temple Road,next to more Basavanagudi, Bangalore",3.8,Basavanagudi,550.0,,Yes,"paneer,pastries"
Soho Bar  Grill,"31 South Park Hotel, 198, 2nd & 3rd Floor, Gandhi Bazaar Main Road, Basavanagudi, Bangalore",2.7,Basavanagudi,1.1,friends-hangout,,"nachos,hookah,lollipop,fries,eggrice,veg fried rice,VAT69"
Kollapuri's,"1, Corporation Market, Gandhi Bazar, Basavanagudi, Bangalore",3.9,Basavanagudi,450.0,bad,,"Biryani,Raja chicken,Masala chapathi,Mutton Keema gravy,plain biryani,Rasam"
Aadhya Hotel,"215, 2nd Main, Thygarajanagar, Basavanagudi, Bangalore",3.3,Basavanagudi,800.0,,,
Bhavani Restaurant,"54, Bull Temple Road, Gavipuram Extn, Gavipuram Extention, Basavanagudi, Bangalore",3.9,Basavanagudi,300.0,excellent,No,"Pulav,Roti Curry,masala dosa,kharabath,Masala Puri,Dosas,Masala Papad,Paneer Ghee Roast,Paneer Tikka,Tawa Mix Gravy,Fried Rice,Corn and Capsicum Masala,Dal Tadka"
Puliyogare Point,"81, East Anjaneya Street, NR Colony, Near Basavanagudi, Basavanagudi, Bangalore",4.2,Basavanagudi,100.0,,,"puliyogare,Sakkare Pongal,Akki Rotti,Mini Idli Sambar,Ambode,Kanchipuram Idli,Ragi Dosa,Vangi bath,sweet Pongal,khichdi,Medu dosa,khali dosa,Curd rice"
Zephyr,"79/1 - 6, 5th Floor, Aishwarya Sampoorna Building, Vani Vilas Road, Basavanagudi, Bangalore",3.9,Basavanagudi,650.0,,,
Redberrys,"30, Surveyor Street, DVG Road, Basavanagudi, Bangalore",4.0,Basavanagudi,600.0,friends-hangout,,"pizzas,gelatos,Bramhins coffee,Belgian Chocolate,Oreo Blast,French Vanilla,Bubble gum,paneer and bell pepper pizza,Joe's burger,Alfredo penne pasta,farmhouse pizza,chocolate cake with Snickers ice cream"
Hotel Dwarka,"Near Katte Balaga, NR Colony, Basavanagudi, Bangalore",4.2,Basavanagudi,250.0,crowded,,"Kali dosa,masala Dosa,carrot halwa,khali dosa,aloo palya,watery chutney,benne dose,kesaribath,masala dose,spongy Khali dosa,pineapple kesari bath,Rava Vada,Khaali Palya benne"
Nisarga Garden Restaurant,"26, D.V.G. Road, Gandhi Bazaar, Basavanagudi, Bangalore",3.4,Basavanagudi,350.0,friends-hangout,,"South Indian Meals,Parota Curry,Dosa's,Juices,Ice Cream"
Ma-Arya Family Restaurant,"186, Datta Complex, 1st Floor, Next To Flower Market Gandhi Bazar, Basavanagudi, Bangalore",3.7,Basavanagudi,600.0,,,"egg Biryaani,crisp fried chicken"
A2B - Adyar Ananda Bhavan,"153, Satellite Bus Stand, Byataranyapura, Mysore Road, Bangalore",3.8,Mysore Road,400.0,,,"sambar,dosas"
Ragoo's,"16, 5th B Main, KR Road, Jayanagar, Bangalore",3.9,Jayanagar,800.0,,,"pili pili pizza,deep pan pizza"
Imperial Restaurant,"153, Satellite Bus Stand, Byataranyapura, Mysore Road, Bangalore",3.7,Mysore Road,750.0,bad,,"chicken fried rice,chicken noodles,panner butter masala,butter naan,prawns fried rice,biriyani rice"
New Prashanth Hotel,"22, Gandhibazar, Basavangudi, Bangalore, Basavanagudi, Bangalore",3.9,Basavanagudi,400.0,,,"mudde n chicken curry,chicken biryani,chilli chicken"
Udupi Sri Krishna Bhavan,"115/116, 1st Floor, Gandhibazaar, Basavanagudi, Bangalore",4.1,Basavanagudi,600.0,friends-hangout,,"Udupi Thali,masala dosa,idli,vada,coffee,sambar,kesaribath,vegetable sabzis,chutney,molaga bajji,rava idli,coconut poli,poori,pulao,white rice,Sambhar,Rasam,curd rice,payasam,thayir vada"
Chinese Kitchen,"67, Kanasu Complex, Kubirmutt Road, Hunumathathangar, Basavanagudi, Bangalore",3.8,Basavanagudi,150.0,,,"Roti curry,Chinese meal combo"
Vijayalakshmi,"No.37, Shree Complex, Next to Dominoes Pizza, Bull temple Road, Basavanagudi, Bangalore",3.9,Basavanagudi,200.0,,,"Mangaluru bonda,chats,coffee,Idly,vada,set dosas,Masala dosas,Poori,chaat,Channa Batura,south Indian Thali,parcel roti,Panner Masala,Rava Idli,potato saagu,Chutney"
Nammura Donne Biriyani,"84/1, South End Road, Basavanagudi, Bangalore",3.5,Basavanagudi,400.0,friends-hangout,,"Naati Style Biryani,Breakfast combos,Chicken leg"
Curry Leaves,"15, 1st Main, Kariyappa Road, Basavanagudi, Bangalore",4.1,Basavanagudi,800.0,family-friendly,Yes,"anjal masala fry,prawn ghee roast,prawn ghassi with kori roti,chicken malai tikka,crispy corn,mushroom ghee roast,khafila roast chicken,Deewani Handi,Nilgiri Murgh,Mutton Chop Masala,Makai palak,gulab jamun,Gadbad,brownie,Mushroom Chilli,Paneer pahadi kabab,Prawns Gassi,Gudbud ice cream"
Goli Vada Pav No 1,"92/1, Next to Vodafone Store, Gandhi Bazar Main Road, Basavanagudi, Bangalore",3.7,Basavanagudi,200.0,bad,,"classic vada pav,cheese vada pav,aloo tikka vada pav,paneer vada pav,maharaj vada pav,makkai palak pav,keshar kulfi,sabudana vada,schezwan vada pav,masala vada pav,potato wedges,cheese ungli"
Ice Thunder,"DV Gundappa Road, Gandhi Bazar Circle, Binny Talkies, Basavanagudi, Bangalore",3.8,Basavanagudi,300.0,,,"palav,bisi belebath"
South Kitchen,"1st Main Road, Near Katte Balaga, NR Colony, Basavanagudi, Bangalore",4.3,Basavanagudi,100.0,excellent,,"Vada,Chutney,Shavige Bath,Idli,Kharabath,Avalakki,Kesari Bath,Dosas,Filter Coffee,Semiya Upma"
Upahara Darshini,"DVG Road, Gandhi Bazar, Basavanagudi, Bangalore",4.2,Basavanagudi,150.0,busy,,"Bonda Soup,coffee,tea,shavige,idli vada,masala dosa,Chinese noodles,Manchurian,tawa pulao,vada pav,masala pav bhaji,jalebi,dhokla,agara petha,pineapple ice cream,masale dosa,kadabu,shyavge"
Mahalaxmi Tiffin Room,"85/1, Dr DVG Road, Near National College, Opp. Sashi Arcade, Basavanagudi, Bangalore",4.1,Basavanagudi,100.0,excellent,,"khali dose,carrot halwa,coffee,masala dosa,sweets,Ragi Dosa,Idily Vada,Filter Coffee,Jamun,crispy dosa"
Starlite Bakery  Fastfood,"25/4, 7th Block K.R Road, 8TH Cross Opposite, HDFC Bank, Jayanagar, Bangalore",3.7,Jayanagar,300.0,excellent,,"Chicken shawarma,honey cake,chicken puffs,Dum Biryani,Gobi Manchurian,cookies,Baby corn crispy with garlic sauce,starlight special puffs,Chicken fried rice"
Sandwichwallas,"28, Near BMS Women's College, E.A.T Street, Basavanagudi, Bangalore",4.0,Basavanagudi,200.0,,,"Veg Cutlet Sandwich,Peri Peri Wedges,Jalapeños,Cheese Garlic Bread,jalapeno garlic bread"
J K Fish Land,"272, 14th Cross Road, Yediyur, Jayanagar, Bangalore",3.6,Jayanagar,300.0,,,"squid ghee roast,boiled rice,karavali style food,Mangalore style food"
Udupi Grand,"49, South End Road, Nagasandra Circle, Basavanagudi, Bangalore",3.8,Basavanagudi,300.0,family-friendly,No,"Avarekalu dosa,Udupi grand tea,Dosa Avarekalu,Coconut chatni,vegetable Biryani,Palak paneer,pulao,Masala Dosa,Akki rotti,shavige,Rava Dosa,roti curry,gobi manchuri,filter coffee,Onion Dosa,Poori saagu,Idli sambar,Egg fried rice,Pumpkin Halwa,Cheese chilli paratha,Bhutta palak methi curry,Lemon Chicken,Babycorn manchurian,Pav bhaji,Vegetable Sagu"
Chinese Square,"169, Subbarama Chetty Rd, NR Colony, Basavanagudi, Bangalore",3.9,Basavanagudi,200.0,,,"manchow soup,mushroom fried rice,noodles,Potato Manchurian,Panner Manchurian,Panner Fried Rice,Chocolate Milkshake,Veg shezwan noodles,baby corn manchuria,schezwan fried rice"
Castle Rock,"1/2, Opposite Indian Oil Petrol Bunk, 1st Cross, Kaderanhalli Crossroad, Subramanyapura Main Road, Padmanabhanagar, Uttarahalli, Bangalore",3.6,Uttarahalli,700.0,friends-hangout,,"fish fingers,dragon chicken,chicken drum sticks,Biryani,prawn Manchurian"
Swadd Kitchen,"32/2, DVG Road, Basavanagudi, Karnataka, Bangalore",3.4,Basavanagudi,500.0,,,"chaas,dal bati churma,chaats,dhokla,cutlet,papad,salad,crushed chilli chutney,four kinds of gravies,dal,kadi,pulka,roti with gud,methi puri,kichidi,plain rice,gulab jamoon,fruit custard"
Kamat Bugle Rock,"1, 5th Main Road, Bull Temple Road, Basavanagudi, Bangalore",3.9,Basavanagudi,300.0,family-friendly,Yes,"chilly bhajji,holige,jowar roti,brinjal curry,lentil curry,green leafy sabji,raita,rice,rasam,sambar,curd,Mix veg,palak,tomato soup,Veg kolapuri,mushroom masala,ghee rice,Special Roti oota"
Basavanagudi Mylari,"26/2, Bugle Rock Rd, Gandhi Bazaar, Basavanagudi, Bengaluru, Karnataka",4.0,Basavanagudi,300.0,bad,Yes,"Sagu masala dosa,karabath,butter idly,plain dosa,idli with butter,khara bath,jackfruit kesari bath,Vegetable sagu,Kesari bath,freshly ground coconut chutney"
RS Shiv Sagar,"5, Mallariah Complex, Near Corporation Bank, Gandhi Nagar, Basavanagudi, Bangalore",3.7,Basavanagudi,450.0,,,"rava idly,dava masala dosa,babycorn manchurian,falooda,Chats,dosas"
New Prashanth Hotel,"215, 2nd Main, Thygarajanagar, Basavanagudi, Bangalore",2.9,Basavanagudi,750.0,bad,No,"nati style,ragi balls,biryani chicken,mutton,prawn chilly,lollipop,fish fry,mutton head curry,nati kodi pulusu,pepper chicken,lemon chicken,mutton kheema,mutton biryani"
Shrinidhi Military Hotel,"18, S End Road, Basavanagudi, Bangalore",3.3,Basavanagudi,300.0,,,"Boti fry,Kheema fry,Brain fry,Leg soup"
Dakshin Kitchen,"Kabirmutt Road, Gavipuram Extension, Basavanagudi, Bangalore",3.6,Basavanagudi,100.0,,,"Tomato shavige bath,Uli avvalakki,Navane bath,khara bath,sweet bath,Idli,coffee,millet pongal,chutney,Kara bhaath,Hakka Chinese starters,fried rice,noodles"
Pramukh Family Restaurant,"5, 1st Floor, Mallariah Complex, Gandhi Bazar Main Road, Basavanagudi, Bangalore",3.9,Basavanagudi,700.0,friends-hangout,No,"Mushrooms,Chicken,Neer dosa,Kori ghasi,Donne biryani,Egg pudina,Red chilly mushrooms,Dal khichadi,Palak rice,Chicken ghee roast,Paneer tikka,Malai kebabs,Lemon chicken,Fish kebab,Ghee roast,Butter chicken"
Chaatimes,"39, 3rd Main,4th Cross, Hanumanth Nagar, Near, Basavanagudi, Bangalore",3.8,Basavanagudi,200.0,excellent,,"dabeli,basket chaat,tokri chaat"
Vybhava,"35-1, Near Yediyur Lake, Kanakapura Road, Jayanagar, Bangalore",3.8,Jayanagar,250.0,,,"Idli vada,masala dosa,rava idli,bonds soup"
Shree Venkateshwara North Karnataka Hotel,"31, Police Station Road, Near Gandhi Bazaar, Basavanagudi, Bangalore",4.0,Basavanagudi,200.0,,,"soft rotis,amazing gravy"
Kadamba Classic,"Satellite Bus Stand, KSRTC, Mysore Road, Bangalore",3.6,Mysore Road,300.0,ok,,Dosa
Food Geek,"3/1, Bugle Rock Road, Gandhi Bazaar, Basavanagudi, Bangalore",3.8,Basavanagudi,350.0,friends-hangout,No,"Babycorn hot pot,Manchurian Momos,Cheese Masala Puri,wonton soup,Leefu momos,Hot Tea,American Chopusey Rolls,crispy honey pepper Paneer,paneer chilli,corn kernels,veg rice"
Rosewood International Hotel - Bar  Restaurant,"19/1, New Timberyard Layout, Beside Satellite Bus Stop, Mysore Road, Bangalore",3.6,Mysore Road,800.0,family-friendly,,"Honey Lemon Chicken,Chicken Manchow Soup,Chicken grill"
Anand Sagar Inn,"52, Dinesh Complex, Nettakallappa Circle, Subbarama Chetty Road, Basavanagudi, Bangalore, Bengaluru",3.3,Basavanagudi,450.0,family-friendly,,home made food
Sangam Military Hotel,"528/A, 14th Cross, Shastri Nagar Main Road, Jayanagar, Bangalore",3.2,Jayanagar,250.0,poor,,"chilly chicken,Ceylon parota,biriyani rice,mutton Kaima ball"
Kholi Mane,"144/1, 2nd Main Road, 2nd Block, Thyagaraja Nagar, Basavanagudi, Bangalore",3.6,Basavanagudi,450.0,bad,,"Chicken Hyderabadi,Chicken Roast,Fish Chilly,Sholay Kababs,Mutton Biryani,Buthai Fry,Bangda Fry,Neer Dosa,Chicken Sukka"
Harshi Super Sandwich,"60/1, East Anjaneya Temple Road, Basavanagudi, Bangalore",3.8,Basavanagudi,150.0,bad,,Harshi special Sandwich
Hotel Pork Paradise,"D/25, 2nd Main, 260 Mysore Road Tollgate, Opposite Gopalan Mall, Mysore Road, Bangalore",3.7,Mysore Road,300.0,family-friendly,,"pork fry,pepper dry,chilli,egg burji,egg masala,Coorg Style Fried Pork,Akki Rotti,Pork Chilli"
Belly Squad Food Truck,"Back Gate of BMS College Hanumanthanagar, Basavanagudi, Bengaluru",3.8,South Bangalore,300.0,,,"Kolkata rolls,biryani,spicy chicken roll,chilly chicken,Lollipops"
New Rajadhani Spicy,"16, Lalitha Enterprises, Kadirenahalli Main, Bendre Nagar, Kumaraswamy Layout, Bangalore",3.7,Kumaraswamy Layout,700.0,,,"Egg Masala Combo,Chicken Kebab"
Matru Sagar,"Sri Balaji Complex, 339/3, Kuvempu Nagar, Next to Bus Stand, Mysore Road, Bangalore",3.7,Mysore Road,300.0,family-friendly,Yes,"North Indian foods,Matru Sagar Special Ice cream,Puris,vadas,masala papas,Mushroom Manchurian,Mushroom fried rice,noodles"
Sri Udupi Veg,"335, KR Road, Shastri Nagar, Yediyur, Jayanagar, Bangalore",3.3,Jayanagar,250.0,,,
50-50 EATING HOUSE,"23/1, 7th Cross, N R Colony, Basavanagudi, Bangalore",3.2,Basavanagudi,100.0,,,
Om Shiva Shakthi Chats Centre,"90/3, Eat Street, Basavanagudi, Bangalore",3.9,Basavanagudi,300.0,bad,,"Floating pani puri,Nannari soda,Floating masala puri,Oreo milkshake"
Juice Junction Food Court,"54, Bull Temple Road, Basavanagudi, Bangalore",3.7,Basavanagudi,200.0,,,"Gobi Manchurian,veg hakka noodles,juices"
Burger King,"59/3, Ground & First Floor, West Anjaneya Temple Road, Ward 49, Gandhi Bazaar, Basavanagudi, Bangalore",3.2,Basavanagudi,600.0,good,,"chicken whopper,large fries"
Rolls Corner,"701, 2nd Cross, Ashok Nagar, Basavanagudi, Bangalore",3.6,Basavanagudi,150.0,bad,No,"double egg chicken roll,two egg chicken rolls"
New Ambur Hot Dum Biryani,"Near BHEL, Mysore Road, Bangalore",3.2,Mysore Road,150.0,,,
Shri Vinayaka Ice N Juice,"14/38, Shivakrupa, 1st Model House Street, Near Nagasnadra Circle, DVG Road, Basavanagudi, Bangalore",3.2,Basavanagudi,150.0,,,"Pani puri,dahi puri,masala puri,gobi,Bhel puri,lime soda,Veg Sandwich,Samosas,Mosambi juice"
Happy Chopsticks,"3/1, Bugle Rock Road, Gandhi Bazaar, Basavanagudi",3.6,Basavanagudi,300.0,family-friendly,,"momos,leefu momos,hot and sour soup,Pasta"
Jcubez,"1431, 22nd Cross, Near BDA Complex, 2nd Stage, Banashankari, Bangalore",3.8,Banashankari,1.3,friends-hangout,Yes,"Pizzas,Fries,Burger,Fountain soda"
Gustoes Beer House,"10, 30th Main, Deve Gowda Petrol Bunk Road, 3rd Stage, Banashankari, Bangalore",4.1,Banashankari,1.2,friends-hangout,,"grilled fish steak,watermelon fizzy Mocktail,Kung Pao Chicken,Murgh Beer House Tikka,Paneer Sofiyan Tikka,French fries,pizzas,Raw Mango and Papaya salad"
Blue Wings Bar  Restaurant,"488/1, 7th Main Road, 50 Feet Road, Hannumantha Nagar, Banashankari, Bangalore",3.7,Banashankari,700.0,friends-hangout,,"golden chicken,raja chicken,groundnut masala,onion rings,Pork Pepper,Pork dry,potato wafers,cashew fry,capsicum bajji,chilli chicken,Roti,Paneer Butter Masala,Palak Panner,Palak Rice,Veg Biriyani,ghee rice"
Vi Ra's Bar and Restaurant,"3828, Near Deve Gowda Petrol Bunk, 30th Cross, 3rd Stage, Banashankari, Bangalore",3.3,Banashankari,800.0,,,
K27 - The Pub,"27, 27th Cross, 2nd Stage, Banashankari, Bangalore",3.1,Banashankari,1.0,bad,,"panner ghee roast,palak panner,Chicken uruwal,Egg Pakora,Tandoori Roti,Egg masala,Chicken Kolhapuri,chicken drumstick,egg fried rice"
Darbar,"1, Near BDA Complex, 24th Main, 2nd Stage, Banashankari, Bangalore",3.0,Banashankari,800.0,friends-hangout,,"chicken appetizers,fried rice,biryani"
Soho Bar  Grill,"31 South Park Hotel, 198, 2nd & 3rd Floor, Gandhi Bazaar Main Road, Basavanagudi, Bangalore",2.7,Basavanagudi,1.1,friends-hangout,,"nachos,hookah,lollipop,fries,eggrice,veg fried rice,VAT69"
Deja Vu Resto Bar,"5th Floor, Gopalan Innovation Mall, Bannerghatta Road, Bangalore",4.4,Bannerghatta Road,900.0,excellent,,"Vodka panipuri,Pasta,Crispy corn,Chicken wings,Palak Paneer,Chicken Curry,Paneer tikka,Spiced baby potato,Jalapeno poppers,Paneer makhani,Nargisi kofta,Brownie with ice cream,Baby corn starter,Mutton chilli,Ghee rice,Drums of heaven,Mushroom pepper fry"
Fattoush,"128/54/10, First floor, Opposite IIM - B, Dasarapalya, Bannerghatta Road, Bangalore",4.2,Bannerghatta Road,1.0,family-friendly,,"fattoush,mutton kebab,hummus,chicken tikka masala,kashmiri pulao,veg biriyani,buffet,mango lady,passion mojito,Chicken Kofta,ozzy chicken,tangri kebab,Chinese noodles,lamb,mutton,Crispy Chilly Potato,Veg Platter"
Empire Restaurant,"4 & 5, Green Orchards Layout, 1st Cross, Bannerghatta Road, Bangalore",4.3,Bannerghatta Road,750.0,excellent,Yes,"Empire special chicken Kabab,chicken chilli,Ceylon parotta,boneless butter chicken,ghee rice,Half ghee rice,Half biryani rice,Paneer butter masala,jeera rice,Kulcha,veg gobi manchurian,kadhai paneer,chicken biryani boneless,popcorn kebab,raita,chicken wings,Egg dosa,Chicken curry,fruit salad,ice cream,arabian grape juice,idiyapam"
Abhiruchi Hotel,"81/3, Opposite Royal Meenakshi Mall, Hulimavu, Bannerghatta Road, Bangalore",3.3,Bannerghatta Road,550.0,,,biryani
Tulips,"Tulips Resort & Amusement Park, 18th K.M, Bannerghatta Road, Bangalore",3.1,Bannerghatta Road,800.0,average,,Good food
Barbeque Nation,"67, 15th Cross, 6th B Main, JP Nagar, Bangalore",4.7,JP Nagar,1.6,excellent,,"Water melon barbeque,Pineapple barbeque,Prawns grill,Brownies,Gulab jamuns,Paan kulfi,Keema Partha,Roasted Corn,Mutton curry,Aloo tikki,Desserts,Chicken,Biryani"
Sattvam,"281, 2nd Floor, 15th Cross, 5th Phase, JP Nagar, Bangalore",4.3,JP Nagar,1.2,excellent,,"Appam,stew,desserts,pani puri,gajar ka halwa,sweet corn soup,paneer,kebabs,Amrood ke Sabji,Sattvik kofta,paprika Paneer,Alu Mattar,Pani Puri,dahi Puri,Papdi chat"
24th Main,"Cross Roads Inn, 827, Near RV Dental College Compound, 24th Main, 12th Cross, JP Nagar, Bangalore",4.1,JP Nagar,800.0,average,Yes,"masala papad,paneer 65,tandoori roti,paneer tikka masala,pudina paratha,garlic naan,kulcha,veg Tripura,kebab,honey chilly potato,crispy corn,gobi manchurian,gulab jamun,rajbhog,carrot halwa"
Zaitoon,"21, 24th Main Road, 6th Phase, JP Nagar, Bangalore",4.1,JP Nagar,1.0,excellent,Yes,"Chicken hot n sour soup,Chicken shawarma roll,Barbeque chicken,Prawn xacati,Zaitoon special tandoor chicken,Zaitoon special chicken barbeque,Hummus,Falafel,Mutton biryani,Al famh chicken,Chicken biryani,Mexican shawarma roll"
Mango Greens,"99/4, Nataraja Layout, 7th Phase, JP Nagar, Bangalore",3.9,JP Nagar,900.0,excellent,Yes,"Akki Rotti,Ragi Rotti,ice creams,mushroom italic,broccoli soup"
Oye Amritsar,"72, 2nd Floor, Next to Max & Crossword, 3rd Phase, Inner Ring Road, JP Nagar, Bangalore",3.8,JP Nagar,1.0,good,,"malai paneer tikka,chicken tikka,lassi,butter chicken,naan,jalebi,rabdi,mutton seekh kabab,bhatti da murg,onion kulcha,patiala Lassi,dal makhani,garlic naan"
Melt - Eden Park,"Eden Park7, 8 Doresani Palya, Near Kalyani Magnum, Opposite Oracle, 5th Phase, JP Nagar, Bangalore",4.0,JP Nagar,1.0,excellent,,"monchow soup,onion rings,batti paneer tikka,green Thai curry,gulab jamoons,litchis stuffed with rasgulla,basil cooked chicken starter,chakuri murgh"
Spice Code,"47/1, 9th Main,1st Cross, Miniforest, Phase 3, JP Nagar, Bangalore",4.0,JP Nagar,1.0,excellent,,"chicken ghee roast,chicken biryani,fries,Burgers,fish,squid,appam dosa,Paneer Ghee Roast,Khali Dosa,Tandoori Roti,Choco Mud cake,Gudbud ice cream,crab soup,tandoori chicken,chicken butter roast,chicken roll,chicken fried rice,naan,sweet corn and tomato soup,veg spring roll,baby corn tandoori,chilli milli sabji,vegetable pulao"
The Onyx - The HHI Select Bengaluru,"The HHI Select Bengaluru Hotel, 686, 15th Cross, Ring Road, 2nd Phase, JP Nagar, Bangalore",3.3,JP Nagar,950.0,romantic,,"North Indian snacks,eggless cake,white wine,chicken club sandwich,tandoori chicken,HHI kebab plater,mutton roganjosh,chicken butter masala,Burmese noodles,veg Manchurian,Paneer pasanda,dal"
The Pavillion,"Quality Inn - Shravanthi, 60, 13th Cross, 2nd Main, 3rd Phase, JP Nagar, Bangalore",2.7,JP Nagar,1.0,excellent,,"idly,utappam,sambar,omelettes"
Sankranthi Veg Restaurant,"986, 1st Block, Vijaya Bank Layout, 4th Stage, BTM, Bangalore",3.0,BTM,600.0,bad,No,"Masala dosa,palak Paneer,Mallige Idli,vada"
Tisano Cafe,"Kembathahalli Road, Gottigere, Near Bannerghatta Main Road, Bannerghatta Road, Bangalore",3.8,Bannerghatta Road,500.0,excellent,,"Tisano Triple Treat,chicken cheese burger,Jumbo burger,Tisano treat,milk shakes,Spanish Mojo"
Cafe Kabana,"1, Pai Layout, Hulimavu Gate Main Road, Off Bannerghatta Road, Bangalore.",4.0,Bannerghatta Road,700.0,excellent,No,"Continental food,instant regret chicken wings,sizzlers,Loaded Fries,Ferrero Shake,Kiwi Mint paan hookah,paneer chilli,white sauce pasta,chilli potato,English breakfast,tofu salad,chicken manchow soup,peri peri chicken"
Butterly,"7, Doddakammanahalli Main Road, Central Excise Layout, Phase 2, Bannerghatta Road, Bangalore",3.9,Bannerghatta Road,450.0,friends-hangout,,"cutlets,cheese cake,chicken kabab hot dog,sandwiches,pizzas,chicken roll,burgers,pastries,milkshakes,rainbow cake"
Black Mug Cafe,"1-2, Near Bhaganagar Bus Stop, Shankarnaga Road, Bhaganagar Layout, Gottigere, Bannerghatta Road, Bangalore",3.7,Bannerghatta Road,300.0,excellent,,Baby corn Manchurian
refuel,"7, Ground Floor, RR Commercial Complex, Akshay Nagar, Bannerghatta Road, Bangalore",3.7,Bannerghatta Road,400.0,friends-hangout,,"Schezwan Paneer Sandwich Combo,veg momos,mc cain platter,virgin mojito"
WAFL,"3rd Floor, Food Court, Vega City Mall, Srinivas Industrial Estate, Bannerghatta Road, Bangalore",3.9,Bannerghatta Road,400.0,,,"Strawberry Hong Kong,Smoothies,Chocolate,Oreo flavours,Oreo shake,Waffles,Wafel sandwich,Nutella nuts,Chocolate OMG"
Vaho Kafe  Pressery,"227,Sitaram Complex, Bilekahalli,opp to IIM-B, Bannerghatta Road, Bangalore",3.9,Bannerghatta Road,500.0,excellent,,"prawn biriyani,spaghetti pasta,Paneer satay,Tandoori momos,millet meal"
Dreamcatcher,"128/54/10, Ground Floor, Opposite IIM - B, above A2B Dasarapalya, Bannerghatta Road, Bangalore",3.9,Bannerghatta Road,600.0,excellent,,"Egg Masala Omlette Combo,English breakfast,sandwiches,strawberry smoothie,spicy chicken burger,freakshakes,burger,pizzas,pastas"
Cafe Coffee Day,"Gopalan Innovation Mall, Bannerghatta Road, Bangalore",3.6,Bannerghatta Road,900.0,friends-hangout,,"Cafe Frappe,ice cream"
Cafe Arabica,"4, 1st Cross, Christ School Road, Bhavani Layout, Bannerghatta Road, Bangalore",3.8,Bannerghatta Road,700.0,cozy,,dessert
Starbucks,"Vega City, Dollars Colony, Bannerghatta Road, Bangalore",3.9,Bannerghatta Road,700.0,friends-hangout,,"Cappuccino,Caffe Americano"
Smoor,"172/1, GF K 03, Kiosk Unit, Vega City Mall, Srinivas Industrial Estate, Bilekahalli, Bannerghatta Road, Bangalore",3.6,Bannerghatta Road,900.0,bad,,"red velvet naked cake,Pista Passion"
Kalmane Koffees,"1st Floor, Royal Meenakshi Mall, Hulimavu, Bannerghatta Road, Bangalore",3.9,Bannerghatta Road,350.0,,,"coffee,bun maska"
Shee-Sha Cafe,"225/226, Omkar Nagar, Arkere, Above Arekere Canara Bank, Bannerghatta Road, Bangalore",3.6,Bannerghatta Road,800.0,friends-hangout,,"chicken lolipop,Biryani,Fried Rice"
Brews N Bites,"81/3/4, 5th Cross, Opposite Royal Meenakshi Mall, Hulimavu, Bannerghatta Road, Bangalore",2.7,Bannerghatta Road,650.0,bad,,"baked veg pasta,veg pizza,lasagne"
D2V Cafe,"173/218, GF, Opposite Ranka Colony, Bannerghatta Road, Bangalore",3.6,Bannerghatta Road,700.0,,,"cheese chocolate sandwich,fired oreo,milkshakes,twisters,panner chilly sandwich,chesse maggie,Paneer Chilli grilled sandwich"
Cafe Talk,"6, 3rd Floor, Above Bandhan Bank, Gurupanapalya, Bannerghatta Road, Bangalore",3.3,Bannerghatta Road,700.0,excellent,,"pasta,chicken skewers,pepporonita pasta,pomegranate slush,blueberry coconut smoothie,veg epinard al a creme,Red velvet cupcake,twisted samosa,french toast,chocolate crepe"
Cafe Choco Craze,"A-3, Ranka Colony Road, Bilakhalli, Bannerghatta Road",3.7,Bannerghatta Road,400.0,excellent,,"thick shakes,Frolicks,Pizza,Sandwiches,Grills,Veg Cheese Sandwich,crusher,crunchy,choco rocks frolicks,french fries,garlic bread"
Slate Cafe,"5th Cross Road, Dollar Layout, 3rd Phase, JP Nagar, Bangalore",4.1,JP Nagar,600.0,excellent,Yes,"nostalgia drink,square shaped pizza,pasta,sandwiches,burger,burji pav"
Dialogues,"57, 15th Cross Road, Outer Ring Road, Phase 6, JP Nagar, Bangalore",4.0,JP Nagar,600.0,excellent,,"coffee,egg sandwich,chilly garlic fried rice,honey chilly potatoes"
Mudpipe Cafe,"44-45, Terrace Floor, 24th Main Road, 7th phase, JP Nagar, Bangalore",3.9,JP Nagar,800.0,bad,,"Shisha,baby corn dry fry,mushroom chilli,sizzlers,pasta,fries,fried rice,spring role,grilled veggies in mushroom and spicy tangy sauce"
TAB - Take A Break,"8, 15th Main, 5th Phase, JP Nagar, Bangalore",4.1,JP Nagar,550.0,excellent,,"chicken nuggets,fries,broccoli soup,veggie salad,veg burger,veg pizza,chicken puff,egg puff,pastry,pasta,lasagnia,chicken sandwiches,cakes,muffin,pizza"
Biggies Burger 'n' More,"114, Kothanur Main Road, Santrupthi Nagar, 7th Phase, JP Nagar, Bangalore",4.1,JP Nagar,650.0,excellent,,"Veg. Grilled exotic,choco brownie shake,Chicken Cheese Beast,Veg Exotic,Cuban Classic Mojito,Red velvet shake,Kit kat shake,Paneer twisted burger,Chicken topped fries,Peri peri wedges,potato krunch burger,strawberry bliss mojito,BBQ burger,potato burger"
Onesta,"Site 15, 15th Cross, 100 Feet Road, 4th Phase, JP Nagar, Bangalore",4.4,JP Nagar,600.0,average,,"Chicken Pasta,Chicken cheese stuffed pizza,Fried chicken with peri peri sauce,Tiramisu,Schezwan Chicken Pizza,Barbecue Chicken Pizza,Chicken Tikka pizza,Margherita pizza,Bacon Prawn pizza,Chocolate pizza,Makhni sauce pasta,Arabbiata pasta,Cream Roasted Chicken,Farmhouse Special,Lime Soda,Ice Teas,Assortment of cake pieces,Mushroom pasta,Sundried tomato margherita pizza,Farmhouse special pizza,Spinach & Paneer Lasagne,Bruschetta,Oreo blueberry shake,Chocolate mousse,Tarts"
Cafe Potpourri,"204, 4th Cross, KSRTC Layout, 2nd Phase, JP Nagar, Bangalore",3.7,JP Nagar,400.0,,,"Chilli Cheese Sandwich,Choco Milk Shake"
De Oxford Cafe,"18, K.R Layout, Dollar Colony, 4th Phase, JP Nagar",3.7,JP Nagar,500.0,bad,,
Vinaya Coffee Moments,"Someshwara Bhavan, RBI Layout, 7th Phase, Kothnur Main Road, JP Nagar, Bangalore",3.7,JP Nagar,450.0,friends-hangout,,"Irish frappe,hazelnut cappuccino,classic cheese quesadilla,margarita pizza"
Brew Point,"10/3, Shamanna Garden, 22nd Main Rd, Phase 5, JP Nagar, Bangalore",3.6,JP Nagar,500.0,excellent,,"paneer schezwan burger,chiliphili burger,chicken pops,egg paneer maggi,litchi mojito,strawberry mojito,Chicken Burger,ChiliPhili Burger,Paneer Schezwan Sandwich,Paneer Schezwan Maggi"
The Cravery,"296, Ground Floor, 5th Phase, 100 ft Outer Ring Road, JP Nagar, Bangalore",2.6,JP Nagar,500.0,,,
Cuppa,"46/A, 1st Main, 3rd Phase, JP Nagar, Bangalore",3.4,JP Nagar,550.0,friends-hangout,No,"hot and cold coffees,chicken cheese keema omelette,hot chocolate,potato wedges,Latte,garlic bread,Thai chicken sandwich,spinach and corn sandwich,Assam tea,masala tea,cappuccino,samosa"
Anju's Cafe,"Brigade Millenium Inside Indian Music Experience Museum, JP Nagar, Bangalore, Bengaluru",3.4,JP Nagar,600.0,friends-hangout,,"appams,sabudana vada,snacks,pasta,drinks"
Skytouch Le Cafe,"724, 3rd Floor, RBI Layout, Rini Pearl, Opposite E.K. Retail, 7th Phase, JP Nagar, Bangalore",3.7,JP Nagar,700.0,,,
Woodee Pizza,"305, Anand NR Onyx, 15th Cross, 100 Feet Ring Road, 5th Phase Extension, JP Nagar, Bangalore",2.7,JP Nagar,500.0,,,"strawberry shake,multigrain pizza,paneer exotic pizza,panner pizza,apple and butter Scotch shake"
Hearts Unlock Cafe,"18, 3rd Floor, 2nd Cross, NS Palya, Industrial Layout, BTM, Bangalore",3.2,BTM,500.0,friends-hangout,,coffee
eatfit,"96, 29th Main, 23rd Cross, 2nd Stage, BTM, Bangalore",4.5,BTM,500.0,,,"Chettinad Chicken,Laccha Parathas,Murgh Kali Mirch,Chocolate Cake,millet based dishes,thalis,bowls,Core Cleanse Juice,Fruit Pop Oatmeal Bowl,coin paratha - chicken,idly- sambaar,Sindhi murg,Lucknow biryani,muesli combo,special veg thali,Dal Makhani,Keema paratha,Light - 2 Rotis + Gajar Mattar + Lauki Chana Dal + Pickle,The Health Jump - Pineapple + Pomegranate + Papaya + Carrot + Coconut Water + Chia Seeds + Mint,The Anti-Oxidant Kick - Pineapple + Coconut Water + Lemon Grass + Chia Seeds + Blueberry + Mint + Lemon,Asian vegetable curry,paneer & soy kheema stuffed roti,masala chaas,Chicken Curry with Brown Rice,Chef's Special Non Veg Thali,Chicken gravy,makhani daal,Fruit oatmeal bowl,tofu whole wheat Hakka noodles,Baida Roti,Immunity Pull Up cold pressed juice,Falxseed jaggery chikki"
Sai Abhiruchi,"808, 1st Floor, Above Eye World Optical, 7th Cross, 2nd Stage, BTM, Bangalore",3.7,BTM,800.0,,,"boneless chicken biryani,fish masala,laccha paratha,phulka"
Capsicum Family Restaurant,"774, 3rd Floor, 16th Main, 7th Cross, 2nd Stage, BTM, Bangalore",3.8,BTM,800.0,,,"pot biryani,roast biryani,raita,onion,lemon vedges"
Box Magic,"67, Doresani Palya Main Road, Bilekahalli Dakahale, Bannerghatta Road, Bangalore",3.6,Bannerghatta Road,400.0,,,"fish thali,prawns curry,Chicken Thali,chicken Biriyani,Mangalore Darbar biriyani,chicken pepper dry,chicken ghee roast,chicken pepper fry,boneless chicken biriyani,egg ghee roast,lehsuni phulka,boneless chicken masala,egg parantha,lehsuni maska phulka,butter chicken,dal makhani,dhal kichdi"
Maa'r Rannaghor,"104/1, 21st Main Road, 6th Cross Road, R K Colony, JP Nagar 2nd Phase, Bangalore",3.8,JP Nagar,400.0,,,chicken kosha
Easy Bites,"1260 SY 35/4 SJR Tower's, 24th Main Puttanhalli, 7th Phase, JP Nagar Bangalore",4.1,JP Nagar,300.0,,,"crispy chicken sandwich,popcorn chicken,French fries,tawa shawarma,empire chicken sandwich"
Hiyar Majhe Kolkata,"57/1, Near Alliance University, 19th Cross, 7th Main, 2nd Stage, BTM, Bangalore",4.0,BTM,400.0,family-friendly,,"chicken biriyani,fish chop,chilli fish,Schezwan fish,Basanti Pulao,Veg Chop,Egg Roll,Egg Curry,Bengali Fried rice,egg mughlai,chicken moghlai,chicken cutlet,fish chop,veg chop,egg chop,sweets,mutton biriyani"
Dabba Gosht,"1260 SY 35/4 SJR Tower's, 24th Main Puttanhalli, JP Nagar 7th Phase, Bangalore",3.4,JP Nagar,400.0,,,
Empire Restaurant,"1260, SY 35/4, SJR Towers, 24th Main Puttanhalli, 7th Phase, JP Nagar, Bangalore",3.6,JP Nagar,400.0,,,
Punjabites,"1260 SY 35/4 SJR Tower's, JP Nagar 7th Phase, 24th Main Puttanhalli, JP Nagar, Bangalore",3.7,JP Nagar,400.0,,,"Murgh chicken makhani,chicken lahori,tandoori roti,chicken cheema"
Sri Lakshmi Dhaba,"23, 7th Cross, 2nd Main, NS Palya Main Road, 2nd Stage, BTM, Bangalore",2.9,BTM,250.0,,,"aloo paratha,chilly potato"
XO Belgian Waffle,"948, 16th Main, MICO Layout, 2nd Stage, BTM, Bangalore",4.5,BTM,400.0,friends-hangout,No,"spicy cinnamon hot chocolate,white hot chocolate,red velvet waffle,night and day waffle,KitKat shake,passion fruit shake,Blueberry Cheesecake Waffles,White Oreo Chocolate waffle,day n night waffle,Chocolate overload,Cinnamon Apple,Nutella,dark chocolate waffles,butterscotch waffle,Berry shake"
Swadista Aahar,"947, 16th Main Road, 2nd Stage, BTM, Bangalore",4.1,BTM,300.0,,,"idly,vada,dosa,masala dosa,veg biryani,gobi manchurian,ghee masala dosa,North Indian thali,mint & lime juice,rava idly"
Vegetarea,"1, 100 Feet Ring Road, 1st Phase, 2nd Stage, BTM, Bangalore",3.9,BTM,250.0,,,"Idli,upma,masala dosa"
Al-Bek,"1260, SY 35/4, SJR Towers, 24th Main Puttanhalli, 7th Phase, JP Nagar, Bangalore",3.6,JP Nagar,300.0,,,"Biryani,ghee rice,dal,chilli panner,grilled chicken,Chicken Roll,Nizam Roll,Alfam Chicken,Cheese Malai Tikka"
Aniram's,"5th A Cross, Lakshmi Complex, Manjunatha Colony, Near RV Dental College, 2nd phase, JP Nagar, Bangalore",4.1,JP Nagar,500.0,,,manchurian
Punjabi Nawabi,"Shop 9, 1st Floor, SBI Building, New DLF New Town, Opposite Ample Mart, Bannerghatta Road, Bangalore",3.8,Bannerghatta Road,400.0,,,"punjabi Paneer (special),Dal makhni,parathe,Butter Chicken,Punjabi Chicken,Chicken tikka masala,tandoori chicken,butter garlic naan,laccha paratha,Lassi,Tawa Parathas"
YummRajj,"7/3, 19th Cross, 7th Main Rd, Pushpa Layout, NS Palya, BTM 2nd Stage, BTM, Bangalore",3.3,BTM,500.0,,,
Swad Punjab Da,"324, 23rd Main, 3rd Cross, 2nd Stage, BTM, Bangalore",4.0,BTM,150.0,bad,No,"thali,audi paratha,raita,lassi,dal,chicken curry,gobhi paratha,aloo paratha,buttermilk,egg curry,vegetables,chapatis,poorii"
BOX8- Desi Meals,"Shbari Complex, Arakere Mico Layout, Govinda Reddy Layout, Off B G Road, Bannerghatta Road, Bangalore",4.1,Bannerghatta Road,500.0,,,
Roti Wala,"688, 7th Main, 10th Cross Main Road, 2nd Stage, BTM, Bangalore",4.0,BTM,300.0,,,"Dal,Vegetable curry,chapatis,gulabjamun,egg bhurji roti,gulab jamun,paneer curry,phulka"
Midnight Mania,"43, Arasu Nilaya 1st Floor, Opp To Patel Medical, 7th Main Road, 2nd Stage, BTM, Bangalore",4.1,BTM,700.0,,,"Pizza,paneer wrap,Andhra style tasty wraps"
KitchensJP Nagar,"#35/4, 24th main JP Nagar 7th phase, Puttenahalli, JP Nagar, Bangalore",3.9,JP Nagar,400.0,bad,Yes,"dosas,Chinese bowl,popcorn chicken,fish biriyani,shaadi ki biryani"
Krishna Kuteera,"19/3C, Avanishringeri Nagar, Nyanappanahalli Village, Bannerghatta Road, Bangalore",4.0,Bannerghatta Road,400.0,bad,,"Masala Puri,Panipuri,Gobi Manchurian,south indian thali,idly,masala dosa,uttapam,butter masala dosa"
Apna Punjab,"26-27, MICO Layout, 6th Main, 2nd Stage, BTM, Bangalore",3.6,BTM,450.0,,,"special chicken thali,Chicken Briyani,egg noodles,aloo parathas,gobhi parathas,aloo dry sabzi,dal fry,chicken curry,chicken keema"
Paratha Junction,"56, 7th Main, Yellappa Layout, 2nd Stage, BTM, Bangalore",2.9,BTM,300.0,,,"Palak Paneer,malai kofta,kidney beans masala,mushroom green peas masala,thali"
Nellore Bhojanam,"Near Fortis Hospital, Opposite IBM, Bannerghatta Road, Bangalore",3.1,Bannerghatta Road,250.0,,,
Momoz,"806, Near ICICI Bank, 7th Cross, 16th Main, 2nd Stage, BTM, Bangalore",4.0,BTM,600.0,decent,,"soup,starters,momos,manchurian balls,triple schezwan rice,Manchow Soup,Paneer in Pepper sauce,Egg Fried rice,Gobi Manchurian"
Kalingas,"399, 16th Main, N.S Palya, BTM, Bangalore",3.9,BTM,250.0,bad,,"Chicken kassa,dahi baigan,veg cutlet,chop,chats,sweets,thali,roti,amlet,spicy dahivara aloodum,vada ghuguni"
Kanteen The Eatery,"22, Nyanapanahalli Main Road, Opposite Dominos Road, Before New DLF Township Circle, Bannerghatta Road, Bangalore",3.9,Bannerghatta Road,400.0,excellent,,"chole bhature,tawa pulav,gajar ka halwa,Vada pav,Gobi manchurian,Aloo Paratha,Tawa Pulao,Kadai Paneer,Jalebi,Gulab Jamun"
Kullad Cafe,"G-3,1210,16th Main Road, Opposite IS Colony Park, 2nd Stage, BTM, Bangalore",3.9,BTM,200.0,friends-hangout,Yes,"Paneer Roll,Vada Pao,Banana milk shake,Pomegranate juice,Poha,Aloo Paratha,Kullad tea,Sandwich,Satoo Parantha,Pyaz Pakoda,Ginger tea,Veg Maggie,Methi Pakoda,Pav Bhaji"
Donne Biriyani House,"99/2A, Kothnoor Main Road, Opposite RBI Layout Bus Stop, 7th Phase, JP Nagar, Bangalore",3.3,JP Nagar,350.0,,,"mutton biriyani,chicken Biriyani,chicken lollypop,Kshatriya kabab,donne biryani"
Litti Twist,"No 43, 7th Main Road, NS Palaya, BTM 2nd Stage, BTM, Bangalore",4.1,BTM,300.0,bad,,"litti,bharta,aloo parantha,boondi raita,sattu poori,litti chokha,litti chicken,sattu filled litti,sattu stuffed Puri,chhole,dal litti,special litti,hot gulab jamun"
FreshMenu,"23/24, Ground Floor, 2nd Cross, Arekere Main Road, Bannerghatta Road, Bangalore",3.3,Bannerghatta Road,450.0,,,"paneer makhani,pulao,double cheese burger,chicken club sandwich,rice bowl,spaghetti in meat sauce,roll"
Shanthi Sagar,"77/1, 24th Main, 2nd Phase, JP Nagar, Bangalore",3.6,JP Nagar,400.0,,,"idlis,dosas,north special meals,paneer and mushroom manchurian"
Cakebuy,"1 B, Krishnamurthy Complex, Kodichikkanahalli Road, Bannerghatta Road, Bangalore",3.9,Bannerghatta Road,350.0,,,"Belgian chocolate truffle cake,chocolate truffle cake"
Five Star Chicken,"18th Cross road, 5th Phase, JP Nagar, Bangalore",3.9,JP Nagar,300.0,,,"chicken cutlet,cheesy chicken shots,chilli cheese coins,boneless chicken strips,chicken roll,mexican chicken hot dog"
Corner House Ice Cream,"1225, 26th Main, 9th Block, Jayanagar, Bangalore",4.4,Jayanagar,400.0,ok,,"Death by Chocolate,hot caramel pudding,Trilogy,Almond fudge,Hot chocolate fudge"
Delight Food,"10, Near Jayadeva Signal, Oppoite SBI ATM, 100 Feet Ring Road, 2nd Stage, BTM, Bangalore",2.6,BTM,450.0,,,"chilli chicken,chicken 65,biryani,egg curry"
Andhra Kitchen,"EK Retail Building, Beside Vijaya Bank, Vijaya Bank Layout, Bannerghatta Road, Bangalore",3.9,Bannerghatta Road,400.0,,,"Boneless Chicken Biryani,Fry piece biryani,Hyderabad dum biryani,raaa,sambar,Butter milk"
Veg By Nature,"1260, SY 35/4, SJR Tower's, 7th Phase, 24th Main Puttanhalli, JP Nagar, Bangalore",3.4,JP Nagar,200.0,,,
Fattoush,"128/54/10, First floor, Opposite IIM - B, Dasarapalya, Bannerghatta Road, Bangalore",4.2,Bannerghatta Road,1.0,family-friendly,,"fattoush,mutton kebab,hummus,chicken tikka masala,kashmiri pulao,veg biriyani,hummus laham,gold duck,Mango Lady mocktail,passion mojito,butter naan,Pahadi Murgh,Laal Maas,Mushroom Masala,Rottis,chicken tangri kebab,Buffet,Chicken Kofta,ozzy chicken,Arab sweet platter,Irani chicken tikka,chicken biryani,Crispy Chilly Potato,Tandoori Veg Platter,Barbeque Chicken"
Chicken Magic,"1,16th Main Road,19th Cross, EWS Colony, 2nd Stage, BTM, Bangalore",3.7,BTM,300.0,,,chicken Schezwan fried rice
Behrouz Biryani,"69/1, Gowreesha Complex, Opposite Ananda Valmart Apartment, Doddakammanahalli, Bannerghatta Road, Bangalore",4.0,Bannerghatta Road,650.0,,,"mutton biriyani,gulab jamun,Murgh Biryani,chicken tikka biryani,chicken balls,paneer zaikedar biryani,mint raita,falafal e khas"
Abhiruchi Hotel,"81/3, Opposite Royal Meenakshi Mall, Hulimavu, Bannerghatta Road, Bangalore",3.3,Bannerghatta Road,550.0,,,biryani
Swathi Restaurant,"1260 SY 35/4 SJR Tower's, JP Nagar 7th Phase, 24th Main Puttanhalli, JP Nagar, Bangalore",3.9,JP Nagar,400.0,,,"Biryani,gajar halwa,chicken"
Fresh Kitchen,"No.16/30, Ground Floor, NS Palya, Bannerghatta Main Road, BTM layout, Bangalore",3.4,Bannerghatta Road,600.0,family-friendly,,"Biryani,Naan,Roti,kulcha,tikka,kabab"
Hind Ka Chulah,"Royal Meenakshi Mall, Hulimavu, Bannerghatta Road, Bangalore",3.8,Bannerghatta Road,600.0,,,gulab jamuns
Kuttanad,"25/26,1st Cross, Beside IIMB, Bilekahalli, Bannerghatta Road, Bangalore",3.6,Bannerghatta Road,200.0,,,"pothichoru,puttu,beef"
New Mahesh Friends Food Corner,"11, 19 Cross, 13th A Main, NS Palya, 2nd Stage, BTM, Bangalore",3.2,BTM,300.0,,,chicken mughlai
Bohra Bohra Caf,"Shop 1, 129, 24th Main, 5th Phase, JP Nagar, Bangalore",3.6,JP Nagar,300.0,cozy,,"chicken white cutlets,chicken kheema samosas,chicken biryani,Gol Paani,biryani,custard,Chicken Russian Kababs,Green Apple juice"
Pizza Hut,"311, 15th Cross, 5th Phase, JP Nagar, Bangalore",2.7,JP Nagar,750.0,,,Margarita pizzas
Shree Krishna Sannidhi,"Hulimavu Gate, BG Road, Behind ICICI Bank, Near Meenakshi Mall, Bannerghatta Road, Bangalore",3.4,Bannerghatta Road,450.0,bad,,"ghee masala dosa,Gulab Jamun"
BingeJoy,"Big Bazzar Building, JP Nagar, Bangalore",3.6,JP Nagar,100.0,,,"Cheese corn momos,Biryani,Samosas,Pastas,Bombay Chicken biryani,Mumbai Style Biryani,Chowmein,white sauce pasta"
Shiv Sai Hotel,"315/B1, Near Police Station, B.G. Road, Muthurayya Swamy Layout, Hulimavu, Bannerghatta Road, Bengaluru",3.5,Bannerghatta Road,400.0,,,"Thali,butter chicken"
MRA,"1, 100 Feet Ring Road, 1st Phase, 2nd Stage, BTM, Bangalore",3.9,BTM,200.0,,,"Cookies,Tea cakes,Rusk,Khaari puffs,Coconut halwa,Coconut bolls"
Beijing Bites,"1260, SY 35/4, SJR Tower's, 7th Phase, 24th Main, Puttanhalli, JP Nagar, Bangalore",3.7,JP Nagar,400.0,,,
A2B - Adyar Ananda Bhavan,"1260, SY 35/4, SJR Tower's, 7th Phase, 24th Main Puttanhalli, JP Nagar, Bangalore",4.1,JP Nagar,200.0,,,"chole bhature,filter coffee,tomato uttapam"
Burj Hotel,"7/7, 1st Main Road, DC Main Road, Bilekahalli, Bannerghatta Road, Bangalore",3.5,Bannerghatta Road,350.0,,,"Chicken kebab,Malasa papad,briyani,chicken kabab,ghee rice,tandoori chicken combo,rumali roti,garlic sauce"
Shaadi Ki Biryani,"Shop 1, 100 Feet Ring Road, 1st Phase, Stage 2, BTM, Bangalore",3.1,BTM,400.0,,,rolls
Subway,"Radha Krishna Towers, Opposite IIM-B Main Gate, Bannerghatta Road, Bangalore",3.2,Bannerghatta Road,600.0,,,"sub of the day,subs,salads"
Madeena Hotel,"2/1, Bannerghatta Main Road, Bannerghatta Road, Bangalore",3.9,Bannerghatta Road,400.0,,,
Biryani Durbar,"452, 2nd Main, 8th Cross, Lakshmi Layout, Mico Layout, Arakere, Bannerghatta Road, Bangalore",3.7,Bannerghatta Road,400.0,,,"Durbar Special Chicken Biryani,kababs,Hyderabadi chicken gravy,phulka,coin porotta,dessert,kheer"
The Good Bowl,"161, 161 A, 166, First Floor, Vinayaka Nagar, BG Arkere Road, Near Bannerghatta Road, Bangalore",3.6,Bannerghatta Road,500.0,,,"Rajma Rice Bowl,Paneer Steak Mac and Cheese Bowl,Paneer tikka rice bowl,Barbeque chicken rice bowl"
Mahesh Friends Food Center,"14/6, 9th Main Road, Opposite Water Tank, 100 Feet Road, 2nd Stage, BTM, Bangalore",2.9,BTM,300.0,,,
Juice Shop,"1260 SY 35/4 SJR Tower's, 24th Main Puttanhalli, JP Nagar 7th Phase, Bangalore",3.4,JP Nagar,150.0,,,
Kabab Magic,"1548, East End Circle, 9th Block, Jayanagar, Bangalore",4.0,Jayanagar,400.0,family-friendly,,"Shawarma,Grill chicken,Tandoori Chicken,Lollipop chicken,Arabic grape juice,Rolls,biryani,kababs,Ghee rice,crispy chicken"
Nammura Donne Biriyani,"25/4, Yelchenahalli Metro Station, Kanakapura Road, Bangalore",3.4,Kanakapura Road,400.0,,,"biryani,booti fry"
Burger King,"Royal Meenakshi Mall, Third Floor, Unit T001B & T007, Opposite Meenakshi Temple, Hulimavu, Bannerghatta Road, Bangalore",3.8,Bannerghatta Road,600.0,,,"chicken whopper,crispy burgers,wings,shakes,Mutton Whopper Burger,float"
Dadi's Dum Biryani,"7, 2nd Floor, Krish Towers, Arekere Signal, Bannerghatta Road, Bangalore",4.0,Bannerghatta Road,800.0,,,"biryani,palak paneer,roti platter,chicken biryani,paneer butter masala,dal makhani,butter chicken,Kadai Murgh,mutton biriyani,raita,chicken biryani combo,fried chicken,chilly chicken"
Krishna Kuteera South,"Near Aikya Apartment, Chikkammanahalli Road, SOS Post, Bannerghatta Road, Bangalore",4.0,Bannerghatta Road,500.0,family-friendly,,"roti curry,mushroom masala,rava masala dosa"
Alankrutha,"935, Sri Arcade, 1st Floor, 16th Main Road, Near Udupi Garden Signal, BTM, Bangalore",3.9,BTM,500.0,excellent,,"Alankrutha Special Biryani,Mughalai Biryani"
Paradise,"915, 24th Main Road, 2nd Phase, Mayura Circle, JP Nagar, Bangalore",4.0,JP Nagar,800.0,excellent,No,"Chicken tikka kabab,Nizami Hyderabad biryani,Chicken Reshmi Kabab,Murgh toofani Tikka,Fish Tikka kabab,Hydrabadi Mutton Biriyani,Bharwan paneer tikki,Paneer butter masala,Garlic naan,Special biryani,Mixed kabab platter,Supreme mutton biryani"
Kabab Mehal,"44, 3rd Cross, Marenahalli, 2nd Phase, JP Nagar, Bangalore",3.7,JP Nagar,400.0,,,"Chicken Shawarma,Panner Gravy,Grill Chicken with Rumali roti,Shawarma,Ghee Rice,Chicken Noodles"
Andhra Ruchulu,"1319, 100 Feet Road, 2nd Phase, JP Nagar, Bangalore",4.2,JP Nagar,800.0,excellent,No,"Meals,Biryanis,Deserts,Pudina Chicken,Chapathi,Chicken Biryani,Fried Ice Cream,Dosa,Chicken Curry,Tandoori Chicken,Pappu (Dal),Mutton Ghee Roast,Ruchulu Chicken,Golconda Chicken"
Sri Punjabi Dhaba,"2/20, 100 Feet Ring Road, BTM 1st Stage, BTM, Bangalore",3.3,BTM,400.0,,,"panner manchurian gravy,chicken chilliy,roti,paratha"
Arabian Mexico,"21, 1st Cross, Lakshmi Layout, Oppsite DEJA Apartment, Mico Layout, Arekere, Bannerghatta Road, Bangalore",3.4,Bannerghatta Road,400.0,,,"Biriyani,kabab,Shawarma,grilled chicken"
CakeZone,"1260, SY 35/4, SJR Tower's, 7th Phase, 24th Main Puttanhalli, JP Nagar, Bangalore",3.7,JP Nagar,200.0,,,"chocolate truffle cake,Ferero Rocher Jar Cake"
Fujian Express,"1260, SY 35/4, SJR Tower's, 7th Phase, 24th Main Puttanhalli, JP Nagar, Bangalore",3.6,JP Nagar,200.0,,,"mushroom noodles,soup,Momo,chicken Momos,American choupsuey"
Indian Food,"9, Near Jayadeva Signal, Oppoite SBI ATM, 100 Feet Ring Road, 2nd Stage, BTM, Bangalore",2.9,BTM,450.0,,,
Tandoori Paradise,"No.808, 7th Cross, BTM 2nd Stage, BTM Layout, BTM, Bangalore",3.5,BTM,600.0,,,"chicken tikka masala,chicken biriyani,prawns biriyani,kadai chicken,paneer butter masala,butter naan"
Kolkata Kathi Rolls,"144/1, 22, 22nd Cross, 24th Main Road Marenahalli, JP Nagar, Bangalore",3.8,JP Nagar,150.0,bad,,"chicken biriyani,Egg chicken kathi roll,chicken noodles,chicken fried rice,chicken Manchurian,chicken 65,chicken egg roll (wheat),Rolls,Biryani"
Adithya,"37, Diagonally Opposite Ranga Shankara, 2nd Phase, JP Nagar, Bangalore",4.0,JP Nagar,300.0,bad,,"Gobi Manchurian,butter masala dosa,kottekadubu"
Cheesiano Pizza,"16, 17, 18/2 Sarakki Lake, 24th Main, 6th Phase, JP Nagar, Bangalore",4.0,JP Nagar,700.0,cozy,,"Chilli garlic pasta,Cheese Garlic Bread,Chicken Keema Garlic Bread,Double cheese margarita pizza,bbq mushroom pizza,Chilly garlic veg pizza,Farmers choice pizza,Veg spicy pizza,Paneer Peri Peri Pizza,Choco lava cake,Mushroom pizza,Barbecue pizza"
Polar Bear,"01, 100 Feet Ring Road, 1st Phase, 2nd Stage, BTM, Bangalore",3.9,BTM,300.0,,,"hot fudge chocolate ice cream,lyctchee Sunday,kesar kulfi,Death By Chocolate"
Nati Palace,"3, 24th Main Road, Opposite Bindhya Residency, 5th Phase, JP Nagar, Bangalore",3.5,JP Nagar,200.0,,,
KFC,"948, 24th Main Road, 2nd Phase, JP Nagar, Bangalore",3.9,JP Nagar,400.0,excellent,,"crushers,chicken,burgers"
Dande's Hyderabad Biryani,"5, 17th Main, 5th Cross, Behind Vijaya Enclave, Kodichickenahalli Road, Vijaya Bank Layout, Billekahalli, Bannerghatta Road, Bangalore",3.8,Bannerghatta Road,700.0,,,"Dande's Special Chicken Biryani,veg biryani,boneless chicken biryani,Dande's Hyderabadi Boneless Chicken Biryani,Boneless Chicken Manchurian,Chicken kabab"
Onesta,"Site 15, 15th Cross, 100 Feet Road, 4th Phase, JP Nagar, Bangalore",4.4,JP Nagar,600.0,bad,,"Chicken Pasta,Chicken cheese stuffed pizza,Fried chicken with peri peri sauce,Tiramisu,Schezwan Chicken Pizza,Barbecue Chicken Pizza,Chicken Tikka pizza,Margherita pizza,Bacon Prawn pizza,Mushroom pasta,Sundried tomato margherita Pizza,Farmhouse special Pizza,Spinach & Paneer Lasagne,Jalapeno cheeseballs,bacon wrapped prawns,Barbeque chicken,Chocolate mousse,Tiramisu,Potato Wedges,Berry cheesecake,Chocolate pizza,Cream Roasted Chicken,Oreo blueberry shake,Melon punch,Choco mocha cake,Ice Teas"
Upahara Bhavan,"1, Gottigere Main Road, Bannerghatta Road, Bangalore",3.8,Bannerghatta Road,300.0,,,"Butter Masala Dosa,Mangalore Dosa,Samabar dipped vadas"
Sher-E-Punjab,"934, 16th Main Road, Kuvempu Nagar, BTM 2nd Stage, BTM, Bengalore",3.2,BTM,400.0,,,
Shuddh Desi Khana,"F 7, Ranka Villa, Opposite Kalyani Motors, Bilekahalli Main Road, Bannerghatta Road, Bangalore",4.0,Bannerghatta Road,400.0,,,Dal Kichdi
Karama Restaurant,"1260 SY 35/4 SJR Tower's, JP Nagar 7th Phase, 24th Main Puttanhalli, JP Nagar, Bangalore",3.5,JP Nagar,400.0,,,"Nihari,chicken biryani"
Jaganath Hotel and Restaurant,"634, 13th Cross, Near Delmia Circle, JP Nagar, Bangalore",3.6,JP Nagar,200.0,family-friendly,No,"egg noodles,chithranna,eggrice,chilli chicken,aalu paratha,chicken Biryani,fish Biryani,lassie,Biriyani,Paneer butter masala,pulka,roti,chapati,buttermilk"
Five Star Chicken,"43, Ground Floor, R R Commercial Complex, SY 316/1, Begur Hulimavu Road, Begur Hobli, Bannerghatta Road, Bangalore",3.5,Bannerghatta Road,250.0,,,
Sankranthi Veg Restaurant,"986, 1st Block, Vijaya Bank Layout, 4th Stage, BTM, Bangalore",3.0,BTM,600.0,bad,No,"Masala dosa,palak Paneer,Mallige Idli,vada"
Aramane Donne Biriyani,"749, 7th Cross 14th Main, 2nd Stage, BTM, Bangalore",3.9,BTM,300.0,,,"Biryani,Chicken Kabab,Mutton Chops,Egg Biryani,Mushroom Manchurian,Paneer 65,Garlic Gravy,Pepper Chicken,Chicken Dum Biryani,Donne Biryani,Ghee Roast,Lemon Chicken"
Cafe Potpourri,"204, 4th Cross, KSRTC Layout, 2nd Phase, JP Nagar, Bangalore",3.7,JP Nagar,400.0,,,"Chilli Cheese Sandwich,Choco Milkshake"
Mani's Dum Biryani,"471, Kothanur Dinne Main Road, 1st Floor, RBI Layout, 7th Phase, JP Nagar, Bangalore",4.2,JP Nagar,750.0,family-friendly,,"Chicken Biryani Full,Chicken 65 Biryani,Dum Biryani"
Amontron,"19 D Cross, 7th Main, BTM, Bangalore",3.9,BTM,650.0,okay,,"Rui macher jol,luchi alur dom,ruhi jhol,katla kalia,aloo posto,sukto,dhokar dalna,pui saak diye chocchori,jhuri aloo vaja,dim kosha,Chicken cutlet,kucho chingri jhal,MISTI doi"
A M Biryani Hotel,"958/60/A2A, Opposite BGS School, Hulimavu, Bannerghatta Road, Bangalore",3.3,Bannerghatta Road,300.0,,,Mixed Fried Rice
Birinz,"1st Floor, BTM Complex, 9th Main Road, 1st Stage, BTM, Bangalore",4.1,BTM,700.0,,,"Mutton Biryani,Veg Biryani,Chicken Biryani,Redddy's Hot Biryani,Butter Chicken Biryani,Andhra Chilli Chicken,Mutton Shorba,Mutton Mughlai Biryani,Gongura Mutton Biryani,Paneer Biryani,Hyderabadi Chicken Biryani,Reddy's Chicken Biryani,Mahraja Chicken,Papdi Chicken,Green Coriander Chicken,Patiala Chicken,Apollo Fish,Egg Chilli,Paneer Sholay,Mushroom Biryani,Kulcha,Methi Chaman,Nellore Chicken Masala,Gun Powder Rice"
Just Shawarma,"Survey # 81/4A, Cave Temple Road, Opposite Meenakshi Mall, Bannerghatta Road, Bangalore",3.6,Bannerghatta Road,300.0,,,"Whole Meat Shawarma with extra cheese,Shawarma roll"
Hyderabadi Bawarchi,"633/B555, Panduranga Nagar, Near Arekere Gate, Bannerghatta Road, Bangalore",3.2,Bannerghatta Road,500.0,,,"tandori chicken,Kal fish biriyani,Mutton rogan Josh,Boneless chicken biriyani,Mutton fry piece biriyani,Egg biriyani,Kabab,Chicken manchow soup,ghee rice with butter chicken,prawns Manchurian,Hyderabadi dum biryani,pepper paneer,Chicken and Mutton Biriyani,Guntur chicken fry"
Fish Chain,"1260 SY 35/4 SJR Tower's, 24th Main Puttanhalli, 7th Phase, JP Nagar, Bangalore",3.9,JP Nagar,250.0,,,"Seer fish,mackeral,fish,curries,Tikka,bbq fishes"
Prasiddhi Food Corner,"25, 9th Cross, 34th Main, ITI Layout, 1st Phase, JP Nagar, Bangalore",3.7,JP Nagar,200.0,friends-hangout,Yes,"chow chow bath,cult rava Idlis,set dose,saagu,pani puri,dahi puri,Malai Kofta,gajar ka halwa"
Biriyani Bhatti,"39, 3rd A Cross, 25th Main, BTM Layout, 2nd Stage, Roopa Nagar, Rashtrakavi Kuvempu Nagar, Bangalore",3.7,BTM,400.0,,,"Baby corn Lemon,Mushroom pepper dry,Mixed veg curry,paneer chilli,chicken 555,Haderbadi Biriyani,chicken keema roll"
Hyderabad Biryaani House,"Arakere Gate, Next to HSBC, Opposite Reliance Mart, Bannerghatta Road, Bangalore",3.6,Bannerghatta Road,550.0,,,"Mutton biryani,kebabs,family pack biryani combo,chicken kebabs"
Galito's,"Vega City Mall, 3rd Floor, Bannerghatta Road, Bangalore",4.6,Bannerghatta Road,1.0,excellent,,"Chicken and Pineapple Sosaties,Chicken Espetada,Grilled Chicken,Cheesy Toast,Pulled Chicken Burger,Malva Pudding,Garlic Bread,Fries,Corn on the Cob"
C K Mega Hot Food,"16th Main, BTM, Bangalore",3.9,BTM,600.0,bad,,"chicken lollipop,Prawn fried rice,veg steamed momos,chicken triple schezwan rice,Chilli Garlic Noodles,Butter Garlic noodles,Veg Fried Rice,Gobi Manchurian,Manchow Soup"
Lassi Shop,"283/1, 3rd Cross, JP Nagar 3rd phase,next to mini Forrest, Bangalore",3.9,JP Nagar,300.0,friends-hangout,No,"Mango lassi,Dry fruit lassi,Death by chocolate,Hard Rock coffee,Mississpi mud,hop scotch butterscotch,cold coffee,falooda"
Red Chilli Restaurant,"2nd Main Road, SR Compound, Arekere Mico Layout, South City, Bannerghatta Road, Bangalore",3.2,Bannerghatta Road,350.0,,,"muttan briyani,egg briyani,chicken briyani,fish fry,paneer butter masala,gulaab jamoon,butter chicken,chicken kabab gravy"
RSS Donne Biryani,"479/496/A, 2nd Block, BTM 6th Stage,Arekere, BTM, Bangalore",3.3,BTM,300.0,,,
Rajdhani Thali Restaurant,"3rd Floor, Royal Meenakshi Mall, Bannerghatta Road, Bangalore",3.9,Bannerghatta Road,900.0,family-friendly,,"dal baati churma,jaljeera,tikki,curries,sweets,rice,khichadi,royal thali,rajasthani paratha,gatte ke sabji,boondhi raita,phulkas,farsan,jeera rice,papad,dessert,dalbhati churma,jelebi,malpua,dhoka"
PHEW Play Hard Eat Wild,"240, 7th cross, 1st Main, Mico Layout, Opposite Sate Bank of India, 2nd Stage, BTM Bangalore",3.9,BTM,700.0,,,"shawarma,spring rolls,dragon rolls,sangria,paneer,flat noodle,chicken,watons,fried rice,chicken Manchurian,caramel shake,Chicken Fried rice,Noodles,chili rice"
New Kabab Zone,"98/3, Near Food World, Gottigere, Bannerghatta Road, Bangalore",3.6,Bannerghatta Road,500.0,okay-ish,,"Grilled Chicken,biryani,gravy chicken,naan,tandoori items,tandoori chicken,paneer chili,dragon chicken,shawarma"
Bawarchi Paradise,"Near Decathlon, Meenakshi Layout, Bannerghatta Road, Bangalore",3.5,Bannerghatta Road,500.0,,,
Shree Udupi Grand,"N Pramil & Amith Complex, Rajiv Gandhi Road, Jaraganahalli, Kanakapura Road, Bangalore",3.5,Kanakapura Road,450.0,,,"butter naan,panner butter masala,ghee rice,geera rice,palak khichdi"
Chicken County Grand,"13, Opposite Auchan Hyper Market, Bannerghatta Road, Bangalore",3.9,Bannerghatta Road,650.0,,,"biryani,grilled chicken,chicken biryani"
Roll Over,"10, Ground Floor, 24th Main, Ayodhya Nagar, 5th Phase, JP Nagar, Bangalore",4.1,JP Nagar,500.0,friends-hangout,No,"English Tosca Sundae,devil chocolate chip,irish coffee rolls,tiramisu cake,Butterscotch sundae,mango roll,chocolate karma,french fries"
Darjeeling Momos  Fast Food Center,"Near AECS Maruthi Dental College, Doddakammanahalli, Bannergatta Road, Bangalore",3.8,Bannerghatta Road,250.0,,,"Chicken Sandwich,Chicken Momos,Chilli Momo Chicken,Fried Rice,Chicken Lollipop,French Toast,Gobi Manchurian"
Veruthe Oru Thattukada,"25th Main, 2nd Stage, BTM, Bangalore",3.7,BTM,400.0,,,"pachadi,chutney,fish curry,salad,puliyinchi,kootukari,lemon juice,beef roast,chicken curry"
Savoury - Sea Shell Restaurant,"10, Near Maruti Sagar Automobiles, Bhavani Layout, Bannerghatta Road, Bangalore",3.9,Bannerghatta Road,900.0,good,Yes,"sawarma,grill chicken,Mutton Biryani,Naans,butter chicken,dal tadka,Chicken Biryani,tandoori roti,kadhai veg,dragon chicken,Kesar Pista milkshake,Dragon chicken,Spicy chicken Shawarma,Butter naan,Mutton Mandi,special shawarma plate"
Warm Oven,"1, 7th Main Rd, NS Palya, Stage 2, BTM 2nd Stage, Bengaluru, Karnataka",3.9,BTM,500.0,,,"Chocolava cake,chocolate truffle cake"
Firangi Bake,"161 A, First Floor, Vinayaka Nagar, Bannerghatta Road, Bangalore",4.0,Bannerghatta Road,600.0,kid-friendly,,"Bombay masala quesadilla,veg Mac and cheese,lasagne,Tandoori Kukkad Rice Pot,Veggie Pot Rice,Minced Chicken Lasagna,chocolate decadence cake"
Zaitoon,"21, 24th Main Road, 6th Phase, JP Nagar, Bangalore",4.1,JP Nagar,1.0,excellent,Yes,"Chicken hot n sour soup,Chicken shawarma roll,Barbeque chicken,Prawn xacati,Zaitoon special tandoor chicken,Hummus,Falafel,Mutton biryani,Al famh chicken,Chicken biryani,Mexican shawarma roll,dal makhani,palak paneer,Veg biriyani"
Kundana,"176, 1st Floor, Above Vodafone Store, Opposite Brand Factory, Bannerghatta Road, Bangalore",3.7,Bannerghatta Road,800.0,excellent,,"Chicken Dum Biryani,Rambo Biryani,Guntoor Chicken,Paneer tikka,Mutton biryani,tandoori roti,lemon chicken,Chicken maharaja,Pepper chicken,Egg curry,paneer manchurian"
Food Ka Masti,"Shop E 1 / 146, G P Rajarantham Road, BTS Layout, Arekere Near Goverenment Hospital, Bannerghatta Road, Bangalore",3.2,Bannerghatta Road,400.0,,,"chicken fried rice,Dal,Chilli Chicken"
The Shawarma Shop,"688, Opposite IWWA Party Hall, 7th Main, BTM, Bangalore",4.1,BTM,250.0,,,"shawarma roll,jumbo plate,Rumali Jumbo Whole Meat Shawarma,chicken"
Momo Junction,"1058, Sobha Arcade, Bilekahalli, Vijaya Bank Layout, Bannerghatta Road, Bangalore",3.8,Bannerghatta Road,100.0,,,"fried chicken momos,steamed chicken momos"
Antilla Aromas,"Opposite IIMB, Krishnaraju Layout, Sundar Ram Shetty Nagar, Bilekahalli Bannerghatta Road, Bangalore",3.7,Bannerghatta Road,300.0,excellent,,"Spicy grilled chicken sandwich,Mutton burger,Khatta meetha ice cream,Cherry bomb milk shake,Coffee,Coffee couplet sundae,Shahi gulab ice cream scoop,Lychee caramel ice cream scoop,Tamarind ice cream,Pineapple Pudding,sandwiches,mocktails"
Faasos,"Shop 161,161A,166, First Floor, Vinayaka Nagar, Bannerghatta Road, Bangalore",3.9,Bannerghatta Road,500.0,,,"paneer tikka wrap,sabudana kichdi,sabudana vada,paneer curry,hare tamatar ki subzi,sabudana kheer,singhada aloo paratha,sweet dish,aloo paratha,raw mango sweet,Sabudana Khichidi Royal Satvik Meal,Tamatar Sabji,Paneer Makhanwala,Dal Makhni,Cheese melt paneer wrap,Chicken Mayo wrap,chicken meatball wrap,chicken sausage wraps"
Punjabi Food Corner,"44/1, Opposite Brigade Millennium, Kothanur Dene Main Road, JP Nagar, Bangalore",3.0,JP Nagar,400.0,bad,,"aloo kulcha,balle balle thali,rice,dal,paneer,alloo sabji,ladoo"
Mealerin,"175-176, Dollars Colony, Phase 4, JP Nagar, Bangalore",4.0,JP Nagar,450.0,,,"Rajma rice,Dal Makhni,Kadhi chawal,Bombay masala sandwich,masala omelette,gravy,pindi chole,Dal tadka,Kadhai paneer,tawa phulka,bhindi,ajwan parantha"
Pathaan Sir,"16th Main, 2nd Stage, BTM, Bangalore",3.9,BTM,250.0,,,"Chicken Manchurian,French fries,mushroom roll,Double Pathan special,Pathaan special,spicy baby corn rolls,special chicken roll,Tandoori chicken with Egg"
Cold Stone Creamery,"3, Third Floor, Vega City Mall, Bannerghatta Road, Bangalore",3.9,Bannerghatta Road,400.0,friends-hangout,,"Lave Cake Ice Cream,Litchi Ice Cream,German chocolate cake,Cheesy cake fantasy,dark chocolate ice cream,red velvet base ice-cream,Peanut butter flavored Icecream"
Hari Super Sandwich,"24, Shop 2, Ground Floor, 3rd B Cross Road, 18th Main Road, Roopa Nagar, 2nd stage BTM, Bangalore",3.9,BTM,100.0,,,"Veg Special Sandwich,Hari Special Sandwich,Chocolate Sandwich,Hari Special Pizza"
Amritsari Kulcha Land,"123, 24th Main, Opposite Royal High School, 5th Phase, JP Nagar, Bangalore",4.1,JP Nagar,300.0,bad,,"Amritsari aloo kulcha,Lassi,Pepper paneer,Soya chaap,Ajmeri paneer tikka,Sweet Lassi,Paneer kulcha,Mixed kulcha"
Chokha Chowka,"22, B.H.B.C.S Layout, Opposite Infosys, 2nd Stage, BTM, Bangalore",3.9,BTM,400.0,bad,,"veg thali,chatpata chicken,schezwan chicken,chicken fried rice,chicken noodles,chicken manchurian,chicken biryani,Jeera Rice"
Gorbandh,"725,16th Main, 2nd Stage, BTM, Bangalore",4.1,BTM,400.0,,,"parathas,chutney"
Grills  Rolls,"17/1, SNVR Complex, Opposite Royal School, 24th Main, 18th Cross, JP Nagar, Bangalore",2.5,JP Nagar,400.0,,,
Bathinda Junction,"36, 29th Main Road, Mahadeshwara Nagar, Stage 2, BTM, Bangalore",3.9,BTM,600.0,friends-hangout,,"dal makhni,kadi chawal,rajma chawal,chicken curry,lassi,Amritsari Kulcha,Onion Paratha,Aloo Paratha,Stuffed Paratha,Maakki ki Roti,Sarso da Saag,butter chicken,lacha paratha"
Stories,"15, 24th Main Road, 1st Phase, JP Nagar, Bangalore",4.2,JP Nagar,1.2,excellent,,"Reshmi silky kabab,chicken biryani,American barbecue chicken,sizzlers,Caesars salad,Cajun fries,meaty barbecue pizza,green apple mojito,brownie with ice cream,hara bhara tikka sizzler,farm fresh pizza,baby corn chilli,spicy Chipotle chicken,nachos,Pizzas,tandoori panneer"
New Gongura's,"777, 16th Main Road, 2nd Stage, BTM, Bangalore",3.7,BTM,550.0,bad,,"Hyderabadi Biryani,prawn biriyani,tandoori chicken,gongura pickle,Guntur chicken,chicken biryani,mutton fry"
Sagar Grand,"123, 5th Cross Road, Arakere Gate, Araka Mico Layout, Arekere, Bannerghatta Road, Bangalore",3.8,Bannerghatta Road,300.0,excellent,,"veg noodles,baby corn manchurian,North Indian thali,Butter Masala Dosa,paneer chilli gravy,Chinese dishes,masala dosa,spring roll,mushroom pepper dry,spring rolls,panner chilly,idlis,panner chilly,north indian thali,veg fried rice"
Kanti Sweets,"16, 7th Phase, RBI Layout, Puttenahalli, JP Nagar, Bangalore",4.0,JP Nagar,400.0,,,"kaju Barfi,samosas,kachoris,Sohan papdi,cookie sticks,Jalebi,Ghewar"
UBQ By Barbeque Nation,"67, Phase 3, Sarakhi Industrial Layout, JP Nagar, Bangalore",3.4,JP Nagar,450.0,,,"Paneer Lazeez,Dal Makhani,Angoori Jamoon,Paneer Tikka,Dal Tadka"
Agarwal Food Service,"54, 5th Cross, Thayappa Garden, Devarachikkanahalli Main Road, Bilekahalli, Bannerghatta Road, Bangalore",3.8,Bannerghatta Road,400.0,,,"boondi raita,veg thali,veg mix"
Daniyal's,"NS Palya, Stage 2, BTM Layout, Bangalore",3.1,BTM,800.0,,,"Chicken Hyderabad Biryani,Kolkata Chicken Biryani"
Seasons,"7, DSR Galleria, Opp Kalyani Motors, Bilekahalli Gate, Bannerghatta Road, Bangalore",3.8,Bannerghatta Road,1.0,,,"Veg Combo Meal,Chicken clear Soup,Mutton Rogan Josh,Parota,Alfaham,grilled chicken,shawarma plate,Muhalabuyah,pahadi kabab,alfaham chicken"
Chef Delicacies,"Shop 1260, SY 35/4, SJR Tower's, 7th Phase, 24th Main, Puttanhalli, JP Nagar, Bangalore",3.1,JP Nagar,400.0,,,
Chung Wah,"3, Arakere Gate, Bannerghatta Road, Bangalore",4.0,Bannerghatta Road,800.0,family-friendly,No,"Chopsuey,Seafood manchow soup,chinese tea,Chili Chicken with Lemongrass,Chilli Garlic Prawns,Seafood Nasi Goreng,veg hot and sour soup,mushroom pepper salt,veg dragon chopsuey,veg Singapore noodles,Hakka noodles,chilli paneer,Dassan with ice"
Indiana Burgers,"1, 7th Main Road, NS Palya, Stage 2, BTM, Bangalore",3.4,BTM,300.0,,,"burger,chicken whopper"
Moksha,"67, Vaishnavi Residency, Next to Yelchanahalli Metro Station, Kanakapura Road, Bangalore",3.6,Kanakapura Road,1.5,good,,"Andhra chicken fry,tandoori chicken,Fish biryani,Biriyani,lunch time andhra thali"
Marwa Restaurant,"21, Ground Floor, B.H.C.S.L Layout, Stage 2, Bannerghatta Road, Bangalore",3.5,Bannerghatta Road,600.0,,,Shawarma
Chaatimes,"11, Opposite Sobha Tulip Apartments, 5th Phase, JP Nagar, Bangalore",3.9,JP Nagar,200.0,,,"Katori chat,misal pao,poha,kachori,masala puri,pani puri,sev puri,dhabeli,mango lassi,Tokri Chat,Basket chat,palak chat"
Shanghai Court,"1035, 5th Cross, 13th Main, Vijaya Bank Layout, Bannerghatta Road, Bangalore",4.2,Bannerghatta Road,700.0,excellent,No,"Basil Fried Rice,Thai Chicken Curry,Szechuan Rice,Noodles,Chicken Koithio,Drums of Heaven,Malaka Noodle,dim sim chilli chicken,mixed fried rice,king pao chicken,pie with ice cream,Momos,Butter garlic noodles,Chilli paneer,Chop suey,chilli paneer gravy,schezwan veg fried rice,dragon rolls,Butter garlic chicken rice,hunan chicken sauce"
Akshaya Donne Biriyani,"1, Nayak Layout Gate, B.K. Circle, 8th Phase, JP Nagar, Bangalore",3.1,JP Nagar,300.0,bad,,Biriyani
Sweet Truth,"69/1, Gowreesha Complex, Opposite Ananda Valmart Apartment, Doddakammanahalli, Bannerghatta Road, Bangalore",3.7,Bannerghatta Road,500.0,,,"cheesecake,chocolate lava cake,brownies,chocolate cake slice,red velvet lava,New York cheesecake"
Bhojohori Manna,"42, Opposite RV Dental College, 7th Cross, JP Nagar, Bangalore",3.7,JP Nagar,650.0,,,"fish fry,chingri malai curry,daab chingri,dhonepata chicken,lancha,nolen gurer ice cream,Betki fish,baked rosogulla"
Richie Rich,"1260, SY 35/4, SJR Tower's, 7th Phase, 24th Main Puttanhalli, JP Nagar, Bangalore",3.1,JP Nagar,250.0,,,
Hunger Bee,"3rd Floor, 5, 3 Road Cross, DLF Main Road, Bannerghatta Road, Bangalore",3.8,Bannerghatta Road,500.0,,,
Yum In My Tum,"766/A, 16th Main Road, BTM 2nd Stage, Bangalore",4.1,BTM,300.0,excellent,,"Momo prepared in Smoked Garlic Sauce,Peri Peri Fries,Schezwan Noodles,Baby Corn Manchurian,hot n sour soup,veg cheese Momos,Dumplin soup,crispy mayo tossed,Momo's with Mayonese sauce,paneer onesta,momo cheese sandwich,Machow Soup,Thupka,Schezwan Chopsuey"
Maggi N Maggi House,"54, 5th Cross, Bilekahalli, Bannerghatta Road, Bangalore",3.4,Bannerghatta Road,300.0,,,"Jain Maggi,cheese masala Maggie,Manchurian Maggie"
Fresh Dinner,"Near Decathlon, Meenakshi Layout, Bannerghatta Road, Bangalore",3.1,Bannerghatta Road,500.0,,,"combo pack of biriyani,Chicken Biryani,Chilli Chicken,Masala Veg Pulav,Kadhai Paneer-Rice Combo,paneer butter masala,Chicken Kalimirch"
BMW Bhookh Mitaane Wala,"Shop 3, Building 58, A Main Road, Marenahalli, 2nd Phase, JP Nagar, Bangalore",3.5,JP Nagar,500.0,,,"paneer chili,thali"
Biryani Miya,"175-176, Bannerghatta Main Road, Dollars Colony, Behind Vodafone Store, Phase 4, JP Nagar, Bangalore",3.7,JP Nagar,600.0,,,biryani
Krispy Kreme,"172/1, 2nd Floor, Vega City Mall, Srinivas Industrial Estate, Bannerghatta Road, Bangalore",3.7,Bannerghatta Road,300.0,,,chocolate donut
Paani Kum Chai,"42,24th Main Road, 5th Phase, JP Nagar",4.0,JP Nagar,200.0,,,"chai,Chicken rolls"
Chulha Chauki Da Dhaba,"13, 7th Cross, 2nd Phase, JP Nagar, Bangalore",4.2,JP Nagar,800.0,friends-hangout,,"Tandoori Kebab,Chicken Anagara,Lassi,Hariyali Kebab,Angara Chicken,Gulab Jamun,Baby Corn Chilli,Dal Tadka,Dal Makhni,Paneer Lababdar,Garlic Butter Naan,Tandoori Chicken,Malai Kofta,Gobi Manchurian,Chicken Tikka,Egg Chilly"
SGS Non Veg - Gundu Pulav,"4, MICO Layout, 2nd Stage, Arekere, Bannerghatta Road, Bangalore",3.9,Bannerghatta Road,300.0,,,"kebab,Mutton biryani,Guntur chicken,prawns fry,pulav"
Dreamcatcher,"128/54/10, Ground Floor, Opposite IIM - B, above A2B Dasarapalya, Bannerghatta Road, Bangalore",3.9,Bannerghatta Road,600.0,excellent,,"Egg Masala Omlette Combo,English breakfast,sandwiches,strawberry smoothie,chicken club sandwich,mixed sauce chicken pasta,Spicy Chicken Burger,freakshakes,burger,pizzas,pastas"
Magix's Parattha Roll,"96, 100 Feet Ring Road, Vysya Bank Colony, 1st Stage, BTM, Bangalore",3.7,BTM,400.0,friends-hangout,,"Chicken Kebabs,Pot biriyani,Chicked Kadai,Chicken biriyani,Chicken Grill,Fish Fry,Egg Chicken Roll,Egg Double Chicken Roll,Chicken Shawarma,Grilled Chicken,Strawberry Milkshake,Mango Milkshake,Chickoo Milkshake,Chicken Kebab,Chicken Tikka Rolls,Butter Chicken,Chicken Kolhapuri with Butter Naan,Double Egg Double Chicken Roll"
Elegant Dining,"9/10/9/1, Hulimavu Begur Road, 80 Ft Road, Near DLF Township, Bannerghatta Road, Bangalore",3.6,Bannerghatta Road,700.0,,,"hara bhara kabab,Chicken biryani"
AlienSip,"24, Shop 1, Ground Floor, 3rd Cross, 18th Main Road, 2nd Stage, BTM, Bangalore",3.6,BTM,200.0,excellent,,"Chicken Club Sandwich,Egg Club Sandwich,Bread Omelette"
Waffle Head,"24, 3rd 'B' Cross, 7th Cross, 18th Main, 2nd Stage, BTM, Bangalore",4.0,BTM,300.0,friends-hangout,,"Chocolate Waffle,Dark Fudge,Chocolate Over Load Waffles"
Samruddhi Biryani,"9/10/9/1, Hulimavu Begur Road, 80Ft Road, Near DLF Township, Yelenhalli, Bannerghatta Road, Bangalore",3.0,Bannerghatta Road,700.0,,,"Chicken biryani,Egg chilli,Starters,Butter naan,Chicken curry,Tandoori chicken,Mutton Biriyani,Special chicken Biriyani"
Ande Ka Funda,"Near Brand Factory, Bannerghatta Road, Bangalore",3.2,Bannerghatta Road,250.0,,,
Basmati Delights,"Shop 1, 1st Floor, BTM Complex, 9th Main Road, Layout 1st Stage, BTM, Bangalore",4.0,BTM,500.0,okay,,"chicken biryani,mutton biryani,salan,chicken 65,kebabs,Andhra Biryani,paneer biryani,butter chicken biryani,Reddy's Chicken Biryani,Butter Chicken Biryani,Rayalseema Chicken Dry,butter chicken biriyani,chicken dum biriyani,gin powder rice,mushroom chilli garlic,paneer sholay"
Charlee's Chicken,"Doddakamanahalli Main Road, Kalena Agrahara, Bannerghatta Road, Bangalore",3.2,Bannerghatta Road,300.0,,,"shawarma,chicken tikka,tandoori chicken"
Samosa Singh,"#12, 12th Cross BDG Residency, Puttenahalli",4.0,JP Nagar,200.0,,,"masala corn,kadai paneer,paneer tikka,veggie spice,chocosa zesty orange,chocosa crunchy peanut,veg samosa platter,murgh makhani,chicken chettinad,chocossa caramel samosa,chettinaadu chicken samosas"
Cravings,"Shop 11& 12, First Floor, 3618/1, Dodda Kammanahalli, Main Road, Besides Campus Student Communities Building, Bangalore",3.7,Bannerghatta Road,400.0,,,Amritsari Chole Kulche
Nagas,"Kitchens@, No. 19, 35/4, 24th Main, JP Nagar 7th Phase, Puttenahalli, Bangalore",3.1,JP Nagar,300.0,,,"Hyderabadi chicken biryani,chicken 65,Hyderabadi chicken full curry,chicken curry,Andhra 65,Nellore Chicken Biryani,prawn roast,tikka hyderabadi briyani,Andhra chicken 65"
Matka,"6185/ 15/1, SOS, Doddakamanahalli, Bannerghatta Road, Bangalore",3.7,Bannerghatta Road,500.0,,,"Biryani,chicken dum biryani"
Punjabi Swag,"950, 16th Main Road, 2nd Stage, BTM, Bangalore",3.9,BTM,500.0,excellent,,"chicken nun parathas,lassi,chicken lababdar,Butter Chicken,Masala Papas,Garlic Naan,Cuole Kulche,Paneer Khazana,Sarson ka saag,makke ki roti,dalmakhni,gajar ka halwa,soya chaap,paneer tikka,Chicken Rara,Tandoori Butter Roti,malai chaap,boneless biriyani"
Taco Bell,"Royal Meenakshi Mall, Third Floor, Hulimavu, Bannerghatta Road, Bangalore",3.7,Bannerghatta Road,600.0,excellent,,"tacos,quesadilla,rice bowl,Burrito,Taco,Naked chicken Tacos,Potaco,Paneer Tikka,loaded nachos,mexican fries,Cheesy Nachos,French Fries"
Ambur Star Dum Biryani,"1378, East End Circle, Jayanagar, Bangalore",3.4,Jayanagar,100.0,,,"chicken biriyani,kuskha,kabab"
Mother's Rasoi,"14, Shanthiniketan Circle, Arakere, Off Bannerghatta Road, Bannerghatta Road, Bangalore",3.8,Bannerghatta Road,250.0,,,"baingan bharta,phulkas"
Dosa Bazaar,"Ramaiah Garden, Beside Shoba Tulit Apartment, JP Nagar, Bangalore",4.0,JP Nagar,200.0,,,"spring roll dosa,tea"
Babu Moshai,"31454, Doddakammanahalli Main Road, Central Excise Layout, Phase 2, Tejaswini Nagar, Bengaluru",3.0,Bannerghatta Road,500.0,,,
The Bong Palate,"32, 16th Main Road, 1st Cross, Mahadeshwara Nagar, BTM 2nd Stage, Bangalore",3.8,BTM,300.0,,,
Gowdru Mane Oota,"33rd Main Road, KR Layout, JP Nagar, Bangalore",3.7,JP Nagar,400.0,bad,No,"ragi balls with chicken,kebab,biryani,guntur chicken,nati koli fry,boti fry,mutton starters"
Banashankari Nati Style,"2, Puttenahalli Main Road , Government School, 7th Phase, JP Nagar, Bangalore",3.6,JP Nagar,300.0,,,
Upahara Darshini,"Opposite Bangalore Central Mall, 9th Block, Jayanagar, Bangalore",4.0,Jayanagar,400.0,family-friendly,,"gobi Manchurian,masala dosa,veg noodles,Masala puri,Badam halwa"
Chandrima's Kitchen,"127, 16/1, Venkateswappa Layout, Kembathalli, Near Canara Bank ATM, Gottigere Post, Bannerghatta Road, Bangalore",3.7,Bannerghatta Road,400.0,,,"Paneer in white gravy,Chicken kosha,Fish curry,Alu posto,Tomato chutney,Cabbage fry,Chicken Biriyani,Egg thali,Chanar dalna,Dhokar dalna,Moong dal with coconut and peas,Rasogulla,Mutton dak bungalow,Bengali khichudi with labra,Bhaja,Chutni,Chilli chicken,Methi chicken,Aloo postu"
Keventers,"Upper Ground Floor, 424/376/487 SYNO 63, Royal Meenakshi Mall, Bannerghatta Road, Bangalore",3.8,Bannerghatta Road,400.0,bad,No,"Bubblegum Thick Milkshake,exotic blueberry milkshake,crumbled oreos,exotic strawberry,Banoffee Thickshake,rasmalai shake,Oreo think shake,chocolate raspberry flavor"
Bikaner Jn,"62, 24th Main, 7th Cross, 2nd Phase, Opposite to R V Dental College, JP Nagar, Bangalore",3.9,JP Nagar,300.0,family-friendly,,"mini thalis,pulkas,sabzi,lassi,chaass,Rajasthani paratha,ghar ki thali,dhokla"
Lassi Berg,"Shop 984, Btm 2nd Stage, 16th main, 7th cross, BTM, Bangalore",3.4,BTM,100.0,,,"chicken biriyani,burger,milk shake,chicken roll,sandwich,fresh juices,exotic cakes,lassi"
Kakal-Kai Ruchi,"1/8, Big Baazar, Kothanur Dinne Main Road, 7th Phase, RBI Layout, JP Nagar, Bangalore",3.7,JP Nagar,500.0,,,palak poori
Manchu Cafe,"6, 3rd B Cross, 18th Main, Kuvempu Nagar, BTM, Bangalore",3.8,BTM,300.0,,,"momos,fried rice,dragon chicken,chicken combo,drums of heaven,hot momos,Veg Noodles combo,Peking Paneer,Peking Veg,baby corn,Manchurian"
Calorie Express,"7/43 First floor, 3rd cross, 4th Main, Kaverappa Compound, N S Palaya, 2nd Stage, BTM, Bangalore",3.6,BTM,450.0,,,"millets poha,dal kichdi"
BANGALORE BOX,"934, 1st Block, 4th Stage, DC Halli, BG Road, BTM, Bangalore",4.2,BTM,1.5,friends-hangout,,"LIIT,white sauce pasta,Nachos,Guntur Chicken,chicken Alfredo,kamikaze bomb,dimsum shumai,veg kulfi,fish in banana leaf,Crispy corn,Chicken wings,Chocolate Spring roll,mushroom teriyaki,Chicken Biriyani"
Yummy Momos,"Dream Mart supermarket, Opposite To Paratha Junction Arekere, Bannerghatta Road, Bangalore",3.6,Bannerghatta Road,200.0,,,"Pork momo,Pork chowmein,Manchurian Pork,Schezwan chicken,Pork thali,Chicken MoMo,Chicken Manchow soup"
Hotel Khaaja,"30, DC Main Road, Opposite Munichinnappa Garden, Bannerghatta Road, Bangalore",3.1,Bannerghatta Road,250.0,,,"biryani,kabab"
The Gujarat Express,"91/1, Gottigere Main Road, Bannerghatta, Opp United Bank Of India , bef Dmart",3.1,Bannerghatta Road,250.0,excellent,,"Rabdi Bowl,tea,vada pav,samosa,jalebi,fafda,Samosa,Katchori,Dhokla,Fafra,faffda jalebi,Vada pav,red garlic chutney"
Ovenstory Pizza,"Bannerghatta Road, Bangalore",4.0,Bannerghatta Road,750.0,,,"chicken keema pizza,sausage pizza,Spanish Delight,Non Veg Paradise"
Slate Cafe,"5th Cross Road, Dollar Layout, 3rd Phase, JP Nagar, Bangalore",4.1,JP Nagar,600.0,excellent,,"nostalgia drink,square shaped pizza,pasta,sandwiches,burger,burji pav"
Vishal Foods,"2, Akshay Nagar, Near DLF New Town, Begur Main Road, Bannerghatta Road, Bangalore",3.3,Bannerghatta Road,250.0,,,"Sattu kachori,puri,parathas,Litti chokha"
Lassi Darbar,"936, 16th Main BTM Layout 2nd Stage Old Ward 65, Bangalore 76",3.5,BTM,200.0,,,"mango lassi,dry fruit lassi,fruit overload,kulfi falooda,death by chocolate ice cream,delicious shakes"
Chavadi,"4, Arama Suites, Sarvabhouma Nagar, Off Bannerghatta Road, Bannerghatta Road, Bangalore",4.4,Bannerghatta Road,1.2,excellent,Yes,"Nigerian suya,pizza,sizzlers,prawns cracker,long island ice tea,Spiced Guava Martini,Chicken grilled on charcoal,Thai Grilled Fish,Coconut flavor ice-cream,fish finger,Jager bomb,jalapeno martini,wood fire veg loaded pizza,lagan ki boti,Moroccan lamb tagine with saffron rice,matka cappuccino coffee,non veg starters"
Nanna Munna Paratha House,"7th Main, NS Palya, 2nd Stage, BTM, Bangalore",4.0,BTM,300.0,,,"Sattu Parata,Gobi Parata,Kasia chicken,bendhi,fish,palak paneer,kadai chicken,roti,bendhi fry"
Cucumber Town,"45, Kasthuri Nivasa, 2nd Floor, 19th Main, 2nd Stage, BTM, Bangalore",4.2,BTM,600.0,,,"pothu fry,vazattiyathu,kappa udachathu,pothu vazhattyathu,Malabar chicken biryani,beef,chicken,mutton,appam,idiyappam,aripathiri,irachipputtu,seafood,biriyanis"
Sri Sai 99 Variety Dosa,"389, Cave Temple Road, Doddamma Layout, Pai Layout, Hulimavu, Bannerghatta Road, Bangalore",3.7,Bannerghatta Road,300.0,,,"masala dosa,shezwan varieties"
Oye Amritsar,"72, 2nd Floor, Next to Max & Crossword, 3rd Phase, Inner Ring Road, JP Nagar, Bangalore",3.8,JP Nagar,1.0,good,,"malai paneer tikka,chicken tikka,lassi,butter chicken,naan,mutton seekh kabab,bhatti da murg,onion kulcha,patiala Lassi,paneer starters,dal makkani,biryani,chicken shorba,amritsari fish,paneer butter masala,Hara Bhara Kebab,biryani"
Kolkata Famous Kati Roll,"8, 24th Main, Opposite Royal School, Phase 5, JP Nagar",3.5,JP Nagar,200.0,,,"delicious rolls,Chicken roll,egg roll,fried rice,some of the chicken starters"
Nellore Ruchulu,"1st Floor, 173, Bannerghatta Road, Bilekahalli, Bangalore",3.7,Bannerghatta Road,800.0,,,"hyderabadi chicken dum biryani,gongura mutton biryani,nellore biriyani,Andhra Spicy,Hyderabad Biryani"
Brewsky,"55, 5th Floor, Goenka Chambers, 19th Main Road, Jeewan Griha Colony, Phase 2, JP Nagar, Bangalore",4.4,JP Nagar,1.6,excellent,Yes,"grilled fish,mashed potatoes,LIIT,chicken nachos,chicken wings platter,noodles,Baby Potatoes Achari,Paneer platter,Wings platter,Cheese balls,Mushroom Tikka,Chicken chopsy,Fish masala fry,Chicken and Veg biriyani,Windy brownie with ice cream,vegetarian Tandoori Platter,Chow mein,peshawari chicken tikka,Roasted chilli pork,corn salt & pepper,spicy french fries,Crispy corn,Cheesy fries,Hariyali Tandoori chicken,Tawa masala fish,Mediterranean pizza,chilli mushroom,Cheese Garlic Bread,Paneer Papadi,Apple Scramble"
Chefeana,"3474, Maruti Dental College Road, Dodakamanhalli, Opposite Valmark Ananda Apartment, Bannerghatta Road, Bangalore",4.0,Bannerghatta Road,400.0,,,"Sattu paratha,Matar paratha,Paneer paratha,Paneer Cheese paratha,Chole Bhature,Chawal combos"
Bangaliana,"8, First Floor, Arekere Gate, Opposite Rose Garden Apartment, Bannerghatta Road, Bangalore",2.9,Bannerghatta Road,600.0,,,
Gud Dhani,"170, 16th Main, 2nd Stage, BTM, Bangalore",4.0,BTM,500.0,family-friendly,,"Dal Bhati,Mushroom Masala,Rasmalai,gulab jamun,rasgulla,dal batti churma,yumm batti,dahi bhindi,aloo dum,gobi manchurian,baigan bharta,ghee roti,onion paratha,jaljeera,kheer"
The Hunger Room,"45/46, Ajantha Avenue, 1st Floor, Puttenahalli Main Road, 7th Phase, JP Nagar, Bangalore",3.9,JP Nagar,400.0,excellent,,
McDonald's,"63, Ground Floor, Royal Meenakshi Mall, Hulimavu, Bannerghatta Road, Bangalore",4.0,Bannerghatta Road,500.0,,,"paneer burger,burgers with extra cheese"
Parisar Veg Restaurant,"Yelanahalli Main Road, Akshaya Nagar, Bannerghatta Road, Bangalore",3.6,Bannerghatta Road,400.0,,,
